time_s,battery_mV,accel_x_mps2,accel_y_mps2,accel_z_mps2,gyro_x_rad_s,gyro_y_rad_s,gyro_z_rad_s,ppg,temperature_c,ecg_impedance_ohm
0.0,4050.0,-0.04666724712604327,0.057749775386424784,9.735326997556934,0.0038513772767012314,-0.002848499701550698,0.003834197948031885,1.008047225631839,33.05,90000.0
0.01,4050.0,0.014155190266263738,0.0031619403419606428,9.759931866622644,-0.00037874032080529115,-0.000684366655042943,0.0004647633370179383,1.000835808972445,33.05,90000.0
0.02,4050.0,-0.11157965277777407,-0.009043217921261148,9.922077992762338,0.0011320667715397992,-0.0014936303651280458,0.001778528230217349,1.0271000100850678,33.05,90000.0
0.03,4050.0,0.08212706784562455,0.03549275321450044,9.731050852582316,0.0010895117102370903,-0.0014282356831646019,0.00035866479450836553,1.0542755880020345,33.05,90000.0
0.04,4050.0,0.03755719872674209,0.03915807977774846,9.754823378317091,0.00042549717888365664,-0.003038633250142344,0.0023083138161143686,1.072086251251711,33.05,90000.0
0.05,4050.0,-0.017184044825558825,-0.04438233743660401,9.887160055111929,0.0009371688958579006,-0.002009399000484368,-0.00045769180793645345,1.0815312575171199,33.05,90000.0
0.06,4050.0,-0.01835506727577712,-0.038110548161008215,9.767504771543464,0.0010978953762616648,0.001676337798437744,6.0427316904430977e-05,1.0921689932078824,33.05,90000.0
0.07,4050.0,0.01787764265656854,0.041911641600563224,9.841231845320445,0.001602731089272338,-0.0008307912100505972,0.0017866944115560316,1.1157875542427655,33.05,90000.0
0.08,4050.0,-0.01574910541567312,0.030953557800767525,9.672716367670176,0.001247231913485842,0.0010580816670799974,0.00016485105257061115,1.1282334811228483,33.05,90000.0
0.09,4050.0,-0.013292454799957372,-0.012332103109952579,9.749519510646032,0.0028124361068882953,-0.0019293784342766733,0.0021978438453863795,1.1387304824639972,33.05,90000.0
0.1,4050.0,0.042368718522554215,0.0703640332434119,9.836683914457149,0.004838594018839946,-0.0008540497035906556,0.0005533611130096048,1.1511532655766004,33.05,90000.0
0.11,4050.0,0.030285202837208043,-0.005832081499568861,9.706744559103614,0.0024101899595658383,-0.00013739528163125899,-0.0015439527276272882,1.166351261220615,33.05,90000.0
0.12,4050.0,-0.0037732813199217673,-0.11364128593689503,9.817101280371888,0.0019307377342632625,-0.00015743354031201397,0.0007186774455907296,1.1659573645841534,33.05,90000.0
0.13,4050.0,-0.005029432430199798,-0.0468302837959767,9.808591687425128,9.009581604308883e-07,-0.0013052390953270186,0.0032735625734088758,1.1947881807631733,33.05,90000.0
0.14,4050.0,0.00946830033401426,-0.08677425970278745,9.773478335226969,0.0006217138825576597,-0.0009454277013349535,0.0023036701916943746,1.2068205310407683,33.05,90000.0
0.15,4050.0,-0.036128780931652955,0.06740747636900662,9.790382477287846,-0.0009817048914069362,0.00048764922104907633,0.002538750598205234,1.1965385996323694,33.05,90000.0
0.16,4050.0,-0.023756625197348866,0.029726642136650584,9.847943957844736,0.0020587853525904786,-0.0005904210752514363,-0.002182169985113429,1.1778781582831568,33.05,90000.0
0.17,4050.0,0.03225957417732762,0.006984742400175007,9.803411327075892,-0.0006760605049375894,-0.003512097087339148,0.0010027045144733583,1.1967041669436138,33.05,90000.0
0.18,4050.0,-0.007677594500129105,-0.1363666862574275,9.864294094845915,0.0023377162203091725,-0.0018885658838581182,0.0025836025219996336,1.2236024165735295,33.05,90000.0
0.19,4050.0,-0.08087109873420084,-0.08692115556804506,9.85234290850098,0.00033566586090991537,-0.0025814244227208645,0.0013705221069473638,1.2063246401277752,33.05,90000.0
0.2,4050.0,-0.028083032135345926,-0.008869648041996171,9.896884855232193,0.0018911409612468576,-0.0034028654065342057,0.0028946454707756463,1.2252136906255506,33.05,90000.0
0.21,4050.0,0.03863554959331123,-0.1047472386209175,9.781527523092985,0.002117987021244178,9.044975812130236e-05,0.0024498820813322456,1.2050671351485227,33.05,90000.0
0.22,4050.0,-0.013667495081102867,0.05541510487690406,9.81636555206986,-0.0012364868935781058,0.0004587050578956077,0.000959524339614257,1.2259384254374925,33.05,90000.0
0.23,4050.0,-0.008751423681024243,-0.006057721465644838,9.744395145508367,0.0002859226773097838,-0.0021140078012978035,0.0031115066527157473,1.2184814458022033,33.05,90000.0
0.24,4050.0,0.03776560301793285,-0.008420704296824087,9.842789088256342,0.00189503965452457,-0.0014800479759901725,0.003875655867688008,1.2140463197662965,33.05,90000.0
0.25,4050.0,0.10735988788019374,-0.003731046089729835,9.764566902082827,0.0020635693426824804,0.00172843376088425,0.002827899166432394,1.2044798577059797,33.05,90000.0
0.26,4050.0,-0.04196395013386286,-0.055906693011542025,9.842612449820535,0.002511339267844417,-0.0012564046703467798,0.0026679467323423196,1.2082996147629748,33.05,90000.0
0.27,4050.0,0.07932835408178096,-0.061379131471999485,9.789995349846004,0.0009184238750952675,-0.0011566410133454694,4.907542381614912e-05,1.1829107377250476,33.05,90000.0
0.28,4050.0,-0.07237382869971985,-0.11171654018648898,9.796312719833637,0.0012667587532905445,-0.0005994840037194708,0.001967831420093894,1.1924206360163752,33.05,90000.0
0.29,4050.0,0.010295665824281328,0.001381281409763128,9.81984643923651,0.003888078726544933,0.0007842849521216161,0.002135967089818555,1.1766840633097126,33.05,90000.0
0.3,4050.0,-0.06881499997515685,0.023904216668644084,9.762730586492333,0.001674494087823037,-0.00033238321389545946,0.00035395458513966585,1.1890021190797417,33.05,90000.0
0.31,4050.0,0.07951966443040792,-0.013980501167351882,9.767016208287059,0.002544422267870935,0.00046427604680335103,0.0012735518922097966,1.1342755891655396,33.05,90000.0
0.32,4050.0,0.049067945734602256,-0.01662406410546482,9.769696479302596,0.001028752404759857,-0.002380733226413474,0.0008195722236428467,1.1487929069571798,33.05,90000.0
0.33,4050.0,0.06694314183742574,-0.055314734774334184,9.77445274134361,-0.0007045887862806951,0.00017305873639370835,0.003463291161049553,1.125388350521927,33.05,90000.0
0.34,4050.0,-0.05210468226072994,0.014750321953969615,9.842751084444261,0.0020475360841972086,-0.0011485091081621973,0.00031207425522395435,1.1261382790985177,33.05,90000.0
0.35,4050.0,0.04027914924401926,-0.144240676655665,9.78331185707368,0.002157922167281655,-0.002150547807729055,0.0020400983590262434,1.1171867250192136,33.05,90000.0
0.36,4050.0,-0.030538692425834627,-0.06498552674216777,9.772349050064783,0.0027129891366831217,-0.00025571339279713805,0.0016803459947838009,1.0744629239657206,33.05,90000.0
0.37,4050.0,-0.026912505969649187,-0.038741068131064274,9.854273300785444,0.00014064051609347845,0.0025188087774535447,0.0024982597124805555,1.0925547719946442,33.05,90000.0
0.38,4050.0,0.029804591098113366,-0.029919353020127763,9.846570802671241,0.0004096077963137352,-0.0007215196692903832,0.001673472241058343,1.0546530149038094,33.05,90000.0
0.39,4050.0,0.05158600959624145,0.012821861501051827,9.79668071978308,-0.0016206905436217185,0.0004176349697778424,0.00048621148468123515,1.0409592399296683,33.05,90000.0
0.4,4050.0,0.012028065032430799,-0.011321142412681546,9.950615321221713,0.002179264131995812,-0.001390679487471247,0.002089599940482428,1.018973040356086,33.05,90000.0
0.41,4050.0,-0.036950698224753525,0.009147729039359617,9.74433407332118,0.0025318716932514434,-0.0031867879860573217,0.00448433480707909,0.9836748631168658,33.05,90000.0
0.42,4050.0,-0.04859096150710421,0.07330117664776607,9.900284657854755,0.0004580754351585009,-0.0002585149869648637,0.002402116299654174,0.9882482805347634,33.05,90000.0
0.43,4050.0,0.08498346936785413,0.08073437335410642,9.821001082653044,0.0007808064707576182,-0.0024282102927514673,0.0032159471336572947,0.962519314847492,33.05,90000.0
0.44,4050.0,0.03494771799172048,0.03810518274754662,9.864833702369111,0.0010959801077537,-0.0013337646160946639,-0.0005123825085541092,0.9413785201710222,33.05,90000.0
0.45,4050.0,0.04234871980665295,0.07346759347114791,9.788066234357595,0.0036167661767884866,0.0017190417150636306,0.0042873515337044825,0.9587435256620888,33.05,90000.0
0.46,4050.0,0.12847622396840871,0.10177194960959707,9.874352099816807,0.002662655512425907,-0.0035345723362347372,0.0034412008756710853,0.9423570701643613,33.05,90000.0
0.47,4050.0,-0.04800529431142741,0.021795496294289625,9.747781857298898,0.002988061052312942,-0.0005180805383991937,0.0015902662286839567,0.9173192536020869,33.05,90000.0
0.48,4050.0,0.15059824091242022,-0.08227598162068991,9.852602387403806,0.0011907512371252392,-0.00030167727559872486,0.0027395030131827777,0.8871700042323029,33.05,90000.0
0.49,4050.0,0.18539911948667143,0.059150538358118385,9.820973296598787,0.0007753936106813852,-0.0005702075231726196,0.004182207571294573,0.8978171825543645,33.05,90000.0
0.5,4050.0,0.09522726615479415,-0.058540794451063374,9.858695081052371,0.0029335812712960965,-0.001836906947099036,0.00166001460456828,0.8716416086005238,33.05,90000.0
0.51,4050.0,0.04866686560605761,0.10955132149617895,9.777283112679523,-0.0009187068489070327,-0.0007569243107424441,0.00020093276659989367,0.8543740134815747,33.05,90000.0
0.52,4050.0,-0.03905921744355111,0.10150150574653102,9.830572783949098,0.0021119645393974885,-0.0023477646090783043,0.0029052700130556596,0.8353185183239876,33.05,90000.0
0.53,4050.0,0.05851543489237913,-0.030492381296506336,9.75970972004545,-0.00041827479035560534,0.001145638982142576,0.0014072344088464084,0.8352469054898253,33.05,90000.0
0.54,4050.0,-0.026047961784035508,-0.06471108942003777,9.784693828329624,0.002492349828084859,-0.0007915643463419211,0.0024675120096820376,0.8207008031594765,33.05,90000.0
0.55,4050.0,-0.0012739303061582172,-0.04052047871764776,9.79120613646463,0.002105131683868136,0.0008210091881220253,0.0012935253672424298,0.809832502005488,33.05,90000.0
0.56,4050.0,-0.017089059114294536,-0.0038293662882998097,9.770176358025752,0.0001549432762457696,-0.0014214684376056693,-0.0004145045891277424,0.8015118046649804,33.05,90000.0
0.57,4050.0,0.016700526256936583,0.07538948090519261,9.776941998641211,0.001700922765905678,0.00019692860721097925,0.001074266725332645,0.8061480390666113,33.05,90000.0
0.58,4050.0,0.0757903639689176,-0.07269246712127735,9.733910780617187,-0.00018761800525687948,-5.114986105957249e-05,0.0024918251228129825,0.7989291996285761,33.05,90000.0
0.59,4050.0,-0.032690510406458706,0.05189097934456784,9.798439017374328,-6.953427770052686e-05,-0.0026110916369526706,0.0001749652574628075,0.8034771005201335,33.05,90000.0
0.6,4050.0,-0.05798106303042279,-0.12177840158526188,9.890992033122096,0.0008436414512931265,0.0011987951963131037,0.0040467806994022165,0.7801622756047336,33.05,90000.0
0.61,4050.0,-0.059013863209284076,0.0714138755928303,9.97268477301879,0.00032993556681646606,0.0027611377746314786,-0.001116850304539608,0.7665602307094471,33.05,90000.0
0.62,4050.0,-0.05697334110576729,-0.0036459123387361466,9.756638243512572,0.002772363003526707,0.00047516974789920156,0.0004886166495952765,0.7818755059517677,33.05,90000.0
0.63,4050.0,-0.08420595645627918,0.011752897048499631,9.761340753137251,0.004305744777864269,-0.00288815087071835,0.002115263317363083,0.7602671075590158,33.05,90000.0
0.64,4050.0,-0.053716949676021725,-0.00624444812978616,9.825570821952345,0.0013972084486236545,-0.002185975683700562,0.0020064346997085464,0.7702010855596347,33.05,90000.0
0.65,4050.0,0.07609561954914895,0.05505894345928308,9.835303238312905,0.0013849503251462559,-0.004120206036598391,0.002863875202372815,0.7960917514881217,33.05,90000.0
0.66,4050.0,-0.034910416879985855,0.021848004137418924,9.730024803045055,0.0024313034899136445,-0.002143065831031972,0.001971107209179272,0.806751022578927,33.05,90000.0
0.67,4050.0,0.01512818887926886,0.09931792049453371,9.670553962163213,0.0009429875715613407,0.00146369805134041,0.0040232255541926675,0.7980301632687967,33.05,90000.0
0.68,4050.0,-0.07160191927528686,-0.10451445621389982,9.82123034054855,0.0020168327900968626,0.0004335591541292099,0.0010709023356054598,0.8004727549945633,33.05,90000.0
0.69,4050.0,0.009982223156284132,-0.05325433215702986,9.884503518637345,-0.0012403155746713304,-0.002356567827034494,0.002587008854213994,0.8018463159875525,33.05,90000.0
0.7,4050.0,-0.10242740635333393,-0.07919999317485293,9.889544828943116,0.0004149672831723033,-0.002777059944030246,0.00081044063530779,0.815409348590961,33.05,90000.0
0.71,4050.0,-0.04111472713211471,0.042234213133042015,9.805572297733969,-0.0007706969257582158,-0.0019179554168633863,0.0033762217112750714,0.823964888974707,33.05,90000.0
0.72,4050.0,0.1326568450183341,-0.09929692913081603,9.887812241893474,-0.0012876334464673722,0.0005018133905387565,0.0014644572149742074,0.8376284491810778,33.05,90000.0
0.73,4050.0,-0.03430187832010509,0.1430411937749105,9.796139296755237,0.0027072463486996234,-0.00032315370671966967,0.0013217791820821097,0.8357266318620623,33.05,90000.0
0.74,4050.0,0.0658992985187902,0.005402661813623899,9.724006641040546,0.0009574521223512795,0.0010757631643858795,0.0017363047476522612,0.8598523134351045,33.05,90000.0
0.75,4050.0,0.026775339216719065,0.07189659622909927,9.79824274858961,0.0035686601791461697,-0.0019088906906908883,0.00046681510996868366,0.8537753851507875,33.05,90000.0
0.76,4050.0,-0.00900166783332586,-0.0568587877473616,9.866931026908434,0.003479605737098877,-0.0008382964990176182,0.0012176606610547226,0.8651784201019432,33.05,90000.0
0.77,4050.0,-0.03836990015490109,0.011551744446963491,9.81376494618258,0.001289055128115659,-0.002005742317507009,-0.0004985989001351359,0.9121481466143413,33.05,90000.0
0.78,4050.0,0.07572162031170752,0.036730712438078364,9.772839840294928,0.0007954451279232631,-0.0012859119992416968,0.0013191658949539115,0.9495703631659937,33.05,90000.0
0.79,4050.0,-0.010437225012919512,-0.041560918721222154,9.809304623872908,0.00032238075804271105,-0.0014439649554881832,0.00164601130861159,0.9315100549554651,33.05,90000.0
0.8,4050.0,0.08987350355906182,-0.013401427510425178,9.825908973407257,-0.002031348118430557,-0.0014239120902821332,0.0026533722688873466,0.9457253678131791,33.05,90000.0
0.81,4050.0,-0.042310538216965746,0.09163600176362016,9.81429867055231,0.0006301294691801434,-0.00018722019545088157,0.0011533847729850383,0.9776199072550773,33.05,90000.0
0.82,4050.0,0.0033738202841997276,0.07451452871468488,9.823982934604842,0.000992738804664654,-0.0016700747382428576,-6.683985572329341e-05,0.9618172468849452,33.05,90000.0
0.83,4050.0,0.02738992207043814,0.03406613858152324,9.82837664889814,0.0004349750823940141,-0.0012087263224557397,0.0016849605576083064,0.9755167687785006,33.05,90000.0
0.84,4050.0,0.021956707264961017,0.11599482811079764,9.868983890939893,1.816373214648693e-05,-0.002251058145520546,0.0009023190983637776,1.0195925527238723,33.05,90000.0
0.85,4050.0,-0.07259675757703596,-0.11449073615541518,9.813982916894833,0.001252369048926503,0.0006760744943343736,0.0004551553737652105,1.044483350936387,33.05,90000.0
0.86,4050.0,-0.03907338477067159,0.017136148027384057,9.797274622775904,0.000856398704875795,0.0014002760969762354,0.004177799875748282,1.0508986220860186,33.05,90000.0
0.87,4050.0,-0.01153145615644223,-0.022439747576895368,9.82730236084586,0.0015621201608715498,0.0017273527205266294,0.0014096791376978987,1.0576053019185894,33.05,90000.0
0.88,4050.0,-0.05023158199070759,0.08377245364346875,9.84098236175096,-6.4450258484634124e-06,0.00013481557475044043,0.0058058689279157005,1.0970377405613978,33.05,90000.0
0.89,4050.0,0.03985374167399072,0.06530482110543653,9.703824957300672,0.003995738023788271,-0.0010514294170233317,0.0012389679730691527,1.0849330013051919,33.05,90000.0
0.9,4050.0,0.03459898982923354,0.06880978041673222,9.873668366318451,0.0021254886441938767,-0.0023000979196690146,0.0002575674768865661,1.1043351448737955,33.05,90000.0
0.91,4050.0,-0.11515465357540335,-0.035120264278044565,9.906011217410228,0.0011443726041941557,-0.0024704029864441148,0.0013987570929182964,1.1147236191479695,33.05,90000.0
0.92,4050.0,-0.10622096902831606,0.033042473913111964,9.807783858679738,0.0002762213821725394,-0.001107257304345706,0.0005878922977439471,1.1193524836525115,33.05,90000.0
0.93,4050.0,-0.07540705505174913,0.06356145518942935,9.842396030775015,1.7276218318548707e-05,-0.002730739256392231,0.002805318602491666,1.143806417512149,33.05,90000.0
0.94,4050.0,0.006899539027861302,0.07633410181746006,9.762867097821243,0.002468352389440419,6.610370362608117e-05,0.0010365965770560226,1.1568967786935949,33.05,90000.0
0.95,4050.0,0.1196316683502303,-0.054509388999292016,9.845877603408363,0.0007958409145702007,-0.0006458306641726065,0.0017942624916317893,1.168059891911185,33.05,90000.0
0.96,4050.0,-0.02249781530988711,-0.040201675342774454,9.756311557799192,0.0014363419314669262,-0.0028704442191404235,0.0028853167246948364,1.1863453047525259,33.05,90000.0
0.97,4050.0,0.014748253290059197,0.014427943137421106,9.816946077959578,0.0019435099252217089,-0.0012982989427762497,0.0016197840255341477,1.1815085225038027,33.05,90000.0
0.98,4050.0,-0.06255338640630005,0.0820736196188265,9.840186865091976,0.0006091094342623785,0.0001911903851260844,0.002040101129384501,1.2117989312229358,33.05,90000.0
0.99,4050.0,-0.0615957382613276,0.03649749861696612,9.760091801157587,0.0017234881298059366,0.000619670435703076,0.0009375895670416053,1.1997261306793687,33.05,90000.0
1.0,4050.0,-0.11516308889354418,0.0809521703461637,9.741218480968055,-0.0012275103769248947,-0.0006856754777662292,0.0030787142426044697,1.196484573500659,33.05,90000.0
1.01,4050.0,-0.001667772701671384,-0.11488288199612366,9.786051985270381,2.2217195721789434e-05,-9.704374210654521e-05,0.004127853947681655,1.200255284461344,33.05,90000.0
1.02,4050.0,0.05573413489561723,-0.015983024203158468,9.773181554385669,-0.0013291430247304005,-0.000529745884470867,0.0014829498601245815,1.2119835820563751,33.05,90000.0
1.03,4050.0,-0.020989034942617477,0.02935180126438927,9.787335111880513,0.0007935370794834153,-0.001607979293025404,0.00041197057992053374,1.2165822248442513,33.05,90000.0
1.04,4050.0,0.0821671599729563,0.015862310608532586,9.741686876031162,0.0007707547016042533,-0.0007654282392379144,0.0019538844621506744,1.2247666683139282,33.05,90000.0
1.05,4050.0,0.011641759751711667,-0.11128490424495265,9.870039835422858,0.0038103525803452973,-0.0007971028000372427,0.00421950110193661,1.22099539019501,33.05,90000.0
1.06,4050.0,-0.002142507126971021,0.06477561395306983,9.79041424272369,0.0002662165361515054,-0.0017805610011652367,0.001509866849117674,1.2310417951300525,33.05,90000.0
1.07,4050.0,0.03043516732069756,0.020319421539262975,9.832266288754564,0.0015587154696000399,-0.0006242032946962975,0.0038417090767749653,1.2092753503931568,33.05,90000.0
1.08,4050.0,0.028677247468230697,-0.02744952281347033,9.710648236601607,0.0019353321893632058,-0.0009969784773758376,0.0005759680436351347,1.218799716298561,33.05,90000.0
1.09,4050.0,0.06753681206239691,0.0704757437393524,9.771755580068447,0.0032977695189830227,-0.00043530836235421724,0.0015543518870462891,1.206627964684023,33.05,90000.0
1.1,4050.0,-0.04718690872422732,-0.10174986949453506,9.900133964955833,0.001984974421253991,-0.0009485425398608234,0.003245418538357936,1.2066684168385304,33.05,90000.0
1.11,4050.0,-0.13462858370105266,-0.030086203914922418,9.754692224827131,0.002387279029744586,-0.0009788091755435757,0.002184252326931915,1.182765044273291,33.05,90000.0
1.12,4050.0,0.006751684275763977,0.05201669731126782,9.823018639820953,0.0038455731663629635,-0.0034788954193134447,0.001174908950598561,1.19316752158672,33.05,90000.0
1.13,4050.0,-0.0359909049716356,0.022123330711618643,9.929194000863365,-0.0009850422813544764,0.0023051218035576118,0.00424847216144276,1.1608508570554166,33.05,90000.0
1.14,4050.0,-0.0015991041636673874,-0.013220596484122374,9.806150192818402,0.0005397503364062324,3.7844729675501375e-05,0.0017494782187149705,1.1886179787578564,33.05,90000.0
1.15,4050.0,0.09792724686677755,-0.009048177889146957,9.894786344543274,0.0008185697713165555,-0.00035677086458922174,0.0019744756374617646,1.1319999646528285,33.05,90000.0
1.16,4050.0,-0.06489110152745427,-0.013741659723624693,9.753543218469334,0.0012506616282892727,0.0014868279354536141,0.0014492360965240416,1.1324778790674388,33.05,90000.0
1.17,4050.0,0.045000598809032684,0.05102836855506988,9.778106586684867,0.0004598480540388485,0.0004231588894476607,0.0006156237198200423,1.1237908516244814,33.05,90000.0
1.18,4050.0,0.05565475172624282,-0.0179052865994592,9.802697050349732,0.0028301593928275067,-0.00029601080003019935,0.002062218539769461,1.12887875148,33.05,90000.0
1.19,4050.0,0.027109674223931582,0.039889007459562406,9.774411583280914,0.0004777760139881121,-4.62557061296833e-05,0.0035966979629684453,1.1168938463860993,33.05,90000.0
1.2,4050.0,0.06581290823480446,-0.12280322126690824,9.826357612561033,0.00043217186168092124,0.0013582144398088757,0.00162491603257603,1.069059909317135,33.05,90000.0
1.21,4050.0,-0.026969990634443133,0.07233892244855238,9.70173503534656,0.001981993813334903,-0.0005929343891570993,0.0035382399606114128,1.0797539809876184,33.05,90000.0
1.22,4050.0,-0.04009996287574544,0.14366085867392556,9.743781963864727,0.0003065531215778801,-0.0028313685674565313,0.000590823022092198,1.0321961626246698,33.05,90000.0
1.23,4050.0,0.061133643969058425,0.029399069215163512,9.88313963346242,-0.00012480740654899168,-0.0030543691058339466,0.0020881503428189776,1.0548241080884335,33.05,90000.0
1.24,4050.0,0.04238238125611389,-0.005091073918548195,9.813184696011364,-0.00048236693947406465,0.000964842694949336,0.002715551668734869,1.010787699827272,33.05,90000.0
1.25,4050.0,0.08180971084644444,-0.03148372865806177,9.834786738722634,0.0011455798773935208,-0.0012325345543389922,0.002513715945396473,1.0067748982798188,33.05,90000.0
1.26,4050.0,0.012491097529470753,0.04117428695552664,9.905044768451162,0.002746866871632331,-0.00020887444729405009,0.0015404627111393892,0.9862338043689666,33.05,90000.0
1.27,4050.0,0.09553029159922427,-0.03825616992953339,9.703397705240894,0.0024358811361742234,-0.0010766649817807459,-0.0009101359537666912,0.9567482187425663,33.05,90000.0
1.28,4050.0,-0.016597574307115767,-0.04817422001622151,9.63045321829188,0.001952556650515175,-0.00033525065627165257,0.0015827358027949458,0.951485330342251,33.05,90000.0
1.29,4050.0,-0.06238966151587238,-0.12526451544166048,9.910207262989731,0.0014898056643356597,-0.0021332912039261336,0.0030484017600906463,0.9396872331447014,33.05,90000.0
1.3,4050.0,-0.11986212467294646,0.014275039404092285,9.725363880810752,0.0005498408374483056,-0.0003053924839539684,0.002680509363218704,0.905061033101917,33.05,90000.0
1.31,4050.0,-0.06480634176842107,-0.017112161297517258,9.81060484328501,0.0011924750219398984,-0.004117387738279011,0.0016412521714734688,0.9086085651748492,33.05,90000.0
1.32,4050.0,0.04816066444783594,-0.013884304579180372,9.710102094045363,-0.00038090245456005444,-0.0013426893834258672,0.0036968591135685897,0.8875193636674042,33.05,90000.0
1.33,4050.0,-0.0861962575109268,-0.00013590338325721399,9.655326697604819,0.001543191702811447,-0.002845482546626033,0.0002916262412725973,0.8659997945605543,33.05,90000.0
1.34,4050.0,-0.026617067362694567,-0.041665578738604055,9.801030415745839,0.0027174208301370814,-0.0009585847789298957,0.0023790167471057643,0.8745207373585122,33.05,90000.0
1.35,4050.0,0.12395118942101442,0.011023749267561117,9.832881168222764,-0.0009374211841948478,-0.0008350048313050876,0.004117661702841042,0.8409894211473538,33.05,90000.0
1.36,4050.0,0.04982538857605143,-0.06354251249784229,9.756903468505612,0.003162445375748877,-0.0011816866739971462,0.004002975374157687,0.8181267570680928,33.05,90000.0
1.37,4050.0,0.10538135224414512,-0.006789529502622848,9.655940968896017,-0.0016856283493568412,-0.000762381416759616,0.004554493477285921,0.8355256533205099,33.05,90000.0
1.38,4050.0,-0.058343419954092396,-0.016558568633755495,9.8233260154974,0.00024228519790046602,-0.0034219549804159442,6.027530772045965e-05,0.8056551414691644,33.05,90000.0
1.39,4050.0,-0.14474468133829163,-0.10051595659118928,9.91694078075605,-0.0001790801843460435,-0.0024733785735620724,0.0012254837193006783,0.8097936873164432,33.05,90000.0
1.4,4050.0,0.08922370270096162,-0.07131223477852672,9.703395987316812,0.0003204484427979884,-0.0012764675405285907,0.0020134474063140738,0.7894514432800868,33.05,90000.0
1.41,4050.0,-0.0833727572087263,-0.03486213790144466,9.850083389035897,0.000824327603225716,-0.00044691017629140705,0.0029311672083066776,0.8100515541257906,33.05,90000.0
1.42,4050.0,0.005349931959022115,-0.03309275409866859,9.82139812621515,0.003065880590363714,-0.0006230790844136038,0.00012400970459997988,0.7912700325913897,33.05,90000.0
1.43,4050.0,0.012773744041137828,0.01525123429049222,9.696220724928423,-8.40037154389917e-05,-0.0033653609311190508,0.002204640515160102,0.7935253524656031,33.05,90000.0
1.44,4050.0,-0.055832970013874814,-0.02382977047116705,9.864513935497245,2.932031905243926e-05,0.0008197404826237769,0.0006253785135405487,0.7749695623323571,33.05,90000.0
1.45,4050.0,0.09135677429610996,-0.003010372898001601,9.815953035944535,0.0002813713063098555,-0.0011484209022877823,0.001642598630857782,0.7689182377611506,33.05,90000.0
1.46,4050.0,0.0911628652886816,-0.02405446680240477,9.79681934901566,0.0005453064462934826,0.0012553947735147956,-0.00046377237330260827,0.7790222359692692,33.05,90000.0
1.47,4050.0,0.03244692006669753,-0.15240329432350755,9.880288349097212,0.000419585726518974,-5.1159456287616065e-05,0.002672387112670172,0.788223047309894,33.05,90000.0
1.48,4050.0,-0.0017352274756326407,-0.0072606096378027745,9.807094458092756,-0.0005455701427717815,0.000612073310393152,-0.0008982214850352602,0.7904897403647894,33.05,90000.0
1.49,4050.0,0.011264124106235254,-0.04955320041380665,9.880486845959894,0.0016635822670379948,-0.000261459010560535,0.0023359950249503205,0.8048589265388021,33.05,90000.0
1.5,4050.0,-0.06448311783956222,-0.009405291148235859,9.959411973258549,0.0011234416042948568,-0.0016442652579318619,3.171709818982505e-05,0.7944439800204314,33.05,90000.0
1.51,4050.0,-0.014066487594510185,-0.045075976195323685,9.818079521279131,0.002692160571879185,-0.001366821317880917,0.0006589901289871866,0.8155689345079207,33.05,90000.0
1.52,4050.0,-0.006174255849119599,0.03857994895024573,9.831443148659488,0.0030298150911570016,0.0002083774170050871,0.0026158690899250633,0.7901840322237983,33.05,90000.0
1.53,4050.0,-0.05014529573591725,-0.0027015544241508053,9.77204655592818,-0.0008654834309317803,-0.0015030735851138668,0.0022085141129830114,0.8072078288700614,33.05,90000.0
1.54,4050.0,0.049967717896129575,0.04167460745754395,9.896161944078134,0.003502750615508993,-0.003652794251191991,2.404628801455981e-05,0.8087007730382416,33.05,90000.0
1.55,4050.0,-0.08393402261127947,0.045977016988201294,9.73371482409681,0.002022553898537895,-0.0010114150072746014,-0.0015906275801256412,0.8324731033643835,33.05,90000.0
1.56,4050.0,-0.026679127223772577,-0.033341127294103455,9.776009941409695,0.003076746100593458,-0.0006749090507334478,0.0020398612407017433,0.8303507811005022,33.05,90000.0
1.57,4050.0,-0.13255910532079143,0.047970593969762804,9.80293280986378,0.001181615050833462,-0.0003846460167800973,0.0020570947869307165,0.8596302495706764,33.05,90000.0
1.58,4050.0,0.02923275110832134,0.013458777401620806,9.79589736783102,0.0022130608614513835,-3.914377291966052e-05,-0.00035115266510419587,0.86633600473661,33.05,90000.0
1.59,4050.0,0.04369483183820987,-0.06224958891356154,9.764674409467139,0.002096029159080724,0.0017742867859219036,0.004271105853392336,0.8828643467138788,33.05,90000.0
1.6,4050.0,0.0365567805207419,-0.00682387800475737,9.858263722353046,0.0031859638934911773,-0.0031000927805087163,0.002989813322831102,0.8976998759688031,33.05,90000.0
1.61,4050.0,0.17169992419155686,0.005535029392026253,9.78837188189428,0.00046182329546557387,0.0014494182658764884,-0.0003202968576749052,0.9052983171257829,33.05,90000.0
1.62,4050.0,0.05529721162422568,0.0747218303214009,9.680010393930534,0.00047428773688618553,-1.5847197797147563e-05,0.003009582582647279,0.9370101317595196,33.05,90000.0
1.63,4050.0,-0.05542663793817185,-0.020509625294869126,9.874918829073437,0.0009637733777049145,-0.0010310108882571104,-0.0001394896500628484,0.9652205203323593,33.05,90000.0
1.64,4050.0,0.1567224394255181,0.09242951003225562,9.908478450910204,0.0032054489236087924,-0.0029027366669294504,0.003955577606426397,0.9625528037934258,33.05,90000.0
1.65,4050.0,-0.05415141752145745,0.04529961196040844,9.773802019790187,0.003449700702893948,-0.0009183267995801214,0.004128530729588957,0.9747659339521771,33.05,90000.0
1.66,4050.0,0.04640929852899336,-0.12440271207798778,9.88654346760593,-0.00023221149397586308,-0.00018405437339266342,0.0042468512901826455,0.9957664631429167,33.05,90000.0
1.67,4050.0,0.0437255551293821,-0.0609331857262156,9.775258794953839,0.0020749048075245522,-0.0010798463460337444,-9.349071673716646e-06,0.998674978144017,33.05,90000.0
1.68,4050.0,-0.05176281445181806,0.03451241844542809,9.748168525849877,0.0012890190533878367,-0.0016721343116016902,0.0012715811523004627,1.0123472207932864,33.05,90000.0
1.69,4050.0,0.08210217379458983,-0.08563171871272127,9.752403174328409,0.0010078702990106941,-0.0018615557246633178,-3.7765939084670556e-05,1.0309611493235917,33.05,90000.0
1.7,4050.0,0.020864258951692017,0.028018533685570238,9.902985092987612,0.002087991386652716,-0.0021342787893091396,0.00039714921304241613,1.060622297070303,33.05,90000.0
1.71,4050.0,0.03359491101855603,0.0813529612991962,9.887118631276968,0.003935296366553038,-0.00013262935814099106,0.0046463225724550665,1.0746916022589772,33.05,90000.0
1.72,4050.0,-0.03976006192665205,-0.015778582474837925,9.847557770312621,0.0021684672476077896,-0.00023043940632810875,0.0019559053829760766,1.1051742196444014,33.05,90000.0
1.73,4050.0,0.07664681736950557,0.08282849675090379,9.747120873330973,0.0007117399294308414,0.000307303038400534,0.0014231612948886357,1.0846486875546026,33.05,90000.0
1.74,4050.0,-0.050657503630372705,0.07790017688563002,9.853696718854907,0.0004757619255162617,-0.0021128574202596328,0.0015021622707135304,1.1223702386269228,33.05,90000.0
1.75,4050.0,-0.10468555728085235,-0.003315168217729753,9.742745007876179,0.0020610240639928946,0.0008336573830289555,0.0005852266591163542,1.1463790612701852,33.05,90000.0
1.76,4050.0,0.08385432898003675,-0.0019628675253037576,9.84344668155497,0.0017252788570757613,0.0024328385029285574,0.0009904167885013294,1.1283305921072577,33.05,90000.0
1.77,4050.0,-0.02510867915064857,0.010664056413545533,9.774548986438717,0.002946125987638782,-0.0008934799062183108,0.0024940298070751537,1.165285154105867,33.05,90000.0
1.78,4050.0,0.0025518915870765204,0.026177556968776102,9.773137918073104,0.0033204605240153076,0.0005666265558321377,0.0013320668371187953,1.1730537671049233,33.05,90000.0
1.79,4050.0,0.1131348268778196,-0.09164068813590757,9.775885383517737,0.0017244805606182769,-0.0028788318593832196,0.0012225477615808685,1.1768556170856592,33.05,90000.0
1.8,4050.0,0.06687103727777996,-0.008526891539570322,9.684670362529117,0.002226058923919781,0.002287976325473355,0.0014965443770724094,1.1677501196256748,33.05,90000.0
1.81,4050.0,0.03722854111047369,-0.0984541115430772,9.703349423385065,0.0037144761681304297,-0.00015691930394231489,0.0019008957675526012,1.18580715604722,33.05,90000.0
1.82,4050.0,0.06295362270199321,-0.02030760444739761,9.797818665712795,0.0031945956646514755,0.0006868214076798928,0.0015183409353489656,1.2114174181029922,33.05,90000.0
1.83,4050.0,-0.042806538597321316,-0.01290978806219466,9.743418861353167,0.0001253125777421872,-0.0006243975260429237,0.001058693730168768,1.2196383704623885,33.05,90000.0
1.84,4050.0,0.04431165728209091,-0.10693736481068566,9.855025095349744,-0.0006107600998662952,-0.003243806557657178,0.001153420404198373,1.2110156809059065,33.05,90000.0
1.85,4050.0,0.06530858883563956,-0.07434638973872136,9.875770596100514,-0.0005195430389313652,-0.00034523079881806435,0.0023963751010653003,1.213644881796928,33.05,90000.0
1.86,4050.0,0.044448969981906505,-0.023423567405204793,9.714873832103105,-0.0010653477665007666,-0.0010441085287415215,0.0012758498027221953,1.2343310036104027,33.05,90000.0
1.87,4050.0,-0.01201126115012657,0.12711449004698214,9.717941763492464,0.0019273652054716771,0.00025329040692233327,0.0014619643134575098,1.2223536917310898,33.05,90000.0
1.88,4050.0,-0.22049745667103596,-0.08159545541121553,9.796647896862925,-0.000364298576366063,-0.0022038056435974207,0.000807687598711734,1.2270869475012631,33.05,90000.0
1.89,4050.0,0.03279162403048492,0.007328648069676415,9.921049027283047,0.002336178609577163,-0.005264202816597626,0.0016276187352769376,1.2277882643245845,33.05,90000.0
1.9,4050.0,0.0067593184956229015,-0.0525763659392064,9.760172708567204,0.0002373841354736713,-0.0011373366018837105,0.002493699410590044,1.1946645117662849,33.05,90000.0
1.91,4050.0,-0.021744497523639245,-0.022067474125263505,9.835703384054721,0.0027153231669002314,-0.0015055591748603034,-0.0007942763984493731,1.2496291483162034,33.05,90000.0
1.92,4050.0,0.04578324532241206,0.057967632004529215,9.70905107514695,0.002263061495121179,-1.744400826533906e-05,0.002024571991863008,1.2150280278016712,33.05,90000.0
1.93,4050.0,0.01563393676967779,0.018268302867920236,9.752658750290868,0.001599618905228485,-0.0022379838156272604,0.0026474541316144806,1.2248478351555105,33.05,90000.0
1.94,4050.0,0.012000735434135632,0.02505277020241909,9.83440627184066,0.0020084330750302954,-0.0015693726875614532,0.0017886148942270143,1.1860763028962984,33.05,90000.0
1.95,4050.0,-0.08729434460729373,0.028758514969867664,9.791534041524836,-0.0004261053004633313,-0.0015556588801166498,0.0008824284756927189,1.167057099843859,33.05,90000.0
1.96,4050.0,-0.08586639313411051,0.03386233890497407,9.835090575185681,-0.0020760761967760504,-0.0020655540776542184,0.0030952217896060797,1.18374112784874,33.05,90000.0
1.97,4050.0,0.02180230279347187,-0.12718638635065851,9.812911404874939,0.000587157620404398,-0.00025478326856363993,0.0031196682616931666,1.1471466056707604,33.05,90000.0
1.98,4050.0,0.0044751929095235305,0.022714921293613393,9.804701208832176,0.0019680060738016163,-0.0014296970034197378,0.000488028920470888,1.1472135698598869,33.05,90000.0
1.99,4050.0,0.008163500251507142,-0.005006391660484714,9.803386732216016,-0.00048029751255430935,-0.0017264672361151253,0.00239386469741069,1.1419891837073652,33.05,90000.0
2.0,4050.0,0.009782894004354196,0.023385986330105333,9.886088443960912,0.0022517623818252767,-0.0019943430677109757,0.002073227089062858,1.114353023112326,33.05,90000.0
2.01,4050.0,0.02421005445354696,0.049212334174011184,9.801483685518358,0.0021736318660972725,-0.00146396679339679,-0.001121974029749234,1.1169388075355648,33.05,90000.0
2.02,4050.0,0.002122100048424376,0.024457557939119624,9.855916886302177,0.0015030417706598884,0.0011070065491721535,0.0022202084985824782,1.1012411180937693,33.05,90000.0
2.03,4050.0,0.009283221605229902,0.04062316593035933,9.789519961704837,0.0016990598461113671,-0.0013702195453032056,-0.00021773079944937775,1.0835799096730085,33.05,90000.0
2.04,4050.0,0.015069743028595544,-0.06892848538137515,9.810504855230807,0.0012041222819144028,-0.0019565364348436746,0.0017881534661962424,1.0646328552304232,33.05,90000.0
2.05,4050.0,0.054686364619634276,0.026348910066379735,9.74189804818717,0.0015320351067753583,-0.0008896876844414952,-0.000331460191708199,1.0709618272344321,33.05,90000.0
2.06,4050.0,-0.030284238437712923,-0.0064294020885444425,9.68150039317344,-0.00044387323250899997,7.872134287248577e-05,0.002477168571326367,1.0393728065497665,33.05,90000.0
2.07,4050.0,0.04627147499933814,-0.005089248685876624,9.7798605075832,0.002801865693473942,-0.0010239674859224882,0.005059256021312195,1.0251908590645509,33.05,90000.0
2.08,4050.0,0.037444733500946056,0.07649979730464344,9.810455758445363,0.0018076684268553732,-0.00045646570644898923,0.0008599662781014717,1.0109452200302271,33.05,90000.0
2.09,4050.0,0.006201843511766583,-0.028753348735776216,9.776507741012727,0.002078811811996287,-0.00015163750420255572,0.0004177548855928569,0.9807476321636663,33.05,90000.0
2.1,4050.0,-0.027955529620647263,-0.03922300356916124,9.836463639177964,0.000277271250539447,2.0132592233083232e-05,-0.0005133390731400108,0.969747112587233,33.05,90000.0
2.11,4050.0,0.02172015638059313,-0.07729020518521972,9.757410049661605,-0.0007545576016936736,-0.0007197419659529512,0.00029646880607983204,0.9838707053151544,33.05,90000.0
2.12,4050.0,0.05083608586170602,-0.01739313909889023,9.722371722824601,0.0030455046400903133,-0.0029663677792286574,0.003202819252884049,0.9327820080484742,33.05,90000.0
2.13,4050.0,-0.06325157163403085,0.06299907213840693,9.717533577890016,-0.000737312382580062,-0.0011988372168624077,0.0018069381748353147,0.9436863288255122,33.05,90000.0
2.14,4050.0,0.003656642682648538,-0.09813257485774354,9.842726098964716,0.0008574387330289984,-0.0019422601542409712,-0.0006772382641615398,0.888130423107292,33.05,90000.0
2.15,4050.0,0.0038095360692660964,0.014781642902450341,9.75536115363519,0.0011658027532969516,-1.70687547353684e-05,0.0014001447209991314,0.8969149781215414,33.05,90000.0
2.16,4050.0,-0.03890503920817838,-0.14902744808628504,9.804345576635468,0.0016699167389392002,0.0007547954249974416,0.0011991647109029862,0.8738951508555393,33.05,90000.0
2.17,4050.0,-0.036438835386824846,-0.04061475694857708,9.720613353303914,0.0017782694355608448,-0.0015578423408983838,0.0025875655475824213,0.8698644828764152,33.05,90000.0
2.18,4050.0,-0.0912693363620705,0.025741981653521998,9.752498761923862,0.0012954065318193115,-3.886168631617316e-06,0.0010439439501647354,0.861559026362001,33.05,90000.0
2.19,4050.0,-0.06490790737910931,-0.0316888063953447,9.802001711005097,-0.0006789908667585333,-0.0005142346771252217,0.002296890493983778,0.8485415864381252,33.05,90000.0
2.2,4050.0,-0.09046496879386032,-0.07072764295443625,9.866554500469476,0.0009361063362085509,-0.001355631848747678,0.0015929739727401223,0.8216235495367192,33.05,90000.0
2.21,4050.0,-0.03627904597017659,-0.02166684746248059,9.740055405189665,0.0011955421466486274,0.0009102907615199872,-0.0006362797400747024,0.808132179762902,33.05,90000.0
2.22,4050.0,-0.03294953819200624,0.05819905119068074,9.717313755471409,0.0020724400125572014,-0.00167683219895674,0.0002749464371505327,0.8182432251541095,33.05,90000.0
2.23,4050.0,-0.03184916888390931,0.08778530688173292,9.801813000781213,0.001654801307836165,-0.00199135143189827,0.0035765275567907814,0.818385849182137,33.05,90000.0
2.24,4050.0,0.021879206565417794,0.08897831893016739,9.811458926893572,0.0029079220522895913,-0.002250308029230575,0.002244353964095723,0.80415575941161,33.05,90000.0
2.25,4050.0,-0.01103640378834138,0.040145789820448474,9.77679270876601,0.0024967694466723127,0.00042942232386862874,0.0020053665476028625,0.8080193139245411,33.05,90000.0
2.26,4050.0,-0.042889152519640567,0.0212164487795849,9.873976466932804,-0.00045996845590942317,-0.002076353207730331,0.0017146620670703168,0.7784514284489059,33.05,90000.0
2.27,4050.0,-0.0424755265972651,0.058006627362050235,9.701049832621997,0.0014167091033441032,-0.0020941058831203643,-0.0005527950018266911,0.7722934149877478,33.05,90000.0
2.28,4050.0,-0.06657794945918279,-0.06804081501712257,9.753651853554246,0.00193994872321249,0.0004520086047459695,0.0013580840765151866,0.7764043676586624,33.05,90000.0
2.29,4050.0,-0.011542511273003193,-0.05702778645370827,9.802093558096962,0.0006150054019276794,-0.0005521713456860769,0.0023444758823921116,0.7920084956279658,33.05,90000.0
2.3,4050.0,-0.012594955837885393,0.07599502601798193,9.750438520630563,0.003433743254254513,-0.0012612694054067934,0.0027755017677487588,0.7767123795658868,33.05,90000.0
2.31,4050.0,0.09549469394130179,0.05038303440786381,9.821727109697147,0.0005554828785630249,-0.002231277573302798,0.0032141529462918353,0.7693838646344516,33.05,90000.0
2.32,4050.0,0.09026932882609613,0.051489747043047034,9.802222507736937,-0.0004803521492821796,-0.0007187130696732752,0.0022936062201270734,0.7950550860160311,33.05,90000.0
2.33,4050.0,0.08695960580958437,0.013052208126641427,9.787249123461978,-0.0011552833927532004,-0.002524090390089248,0.002586030554169649,0.7825190014594159,33.05,90000.0
2.34,4050.0,0.12234241496923996,-0.04854261646593164,9.943775245852716,0.0006732072511363315,-0.0007744594756205136,0.0009751413235524218,0.7861879586753077,33.05,90000.0
2.35,4050.0,-0.07161217012941355,-0.06355310437734674,9.74355291245962,0.0006800897804562861,-0.0008427829299623761,0.003750295620600807,0.7856201630214459,33.05,90000.0
2.36,4050.0,0.039598325182311565,0.05519458622249308,9.786445014105096,0.0008032549186299467,-0.0011458865243942338,0.00041200420026664473,0.8148215070188863,33.05,90000.0
2.37,4050.0,0.04478028656282579,0.06371340966284565,9.83069024945361,-0.0017581324905846987,-0.0007823674862330712,0.0022417664787181524,0.8187586187369331,33.05,90000.0
2.38,4050.0,0.028020496676930157,-0.06592852810966392,9.75761806369345,0.0013513100680721517,-0.00019460154850011225,0.001411983840859598,0.8384961578982694,33.05,90000.0
2.39,4050.0,0.12513311859180837,-0.04351293609809812,9.809866477611264,0.0029445470326586033,-0.0035540621332441564,0.0035450097137691827,0.8335102746376244,33.05,90000.0
2.4,4050.0,0.14932832550259775,-0.006054222772595395,9.852183263756272,0.0004414136680117501,-0.0025022790911353966,0.0015875327473729704,0.8520574031864249,33.05,90000.0
2.41,4050.0,0.05762583446417455,0.051463603109262866,9.814638270408372,0.0021885280214520133,-3.9217747909207745e-05,0.0028148492357432213,0.8763153766294007,33.05,90000.0
2.42,4050.0,0.03843105711114959,-0.020037247314576304,9.845604945637946,0.00048370012805929325,-0.0012586806991877846,0.0007953784518867924,0.8643392263170568,33.05,90000.0
2.43,4050.0,-0.06604179148801258,-0.05014492174361659,9.779828784485126,0.00020286763871481037,0.00013313666132931052,0.0034592461388223803,0.9120195674620104,33.05,90000.0
2.44,4050.0,-0.0659217975655611,0.05815847140787384,9.786538479559944,0.0032372920725764085,0.001312770059762166,0.0031383885994931693,0.9063549513790521,33.05,90000.0
2.45,4050.0,0.04120105394387609,0.03514352094341094,9.915092894066117,0.0023751576458437406,0.0011127444799781537,0.003986664663233664,0.9173500708587531,33.05,90000.0
2.46,4050.0,-0.004450219840914375,-0.04084993269393712,9.8298406855551,0.0026058807713582534,0.0003298982253798241,0.0013984332214183252,0.9414796222115419,33.05,90000.0
2.47,4050.0,-0.07829005718766327,-0.03879633590239833,9.858877654404935,0.004635239054403416,-0.0009010946988326224,0.003082055622174675,0.9542842105352316,33.05,90000.0
2.48,4050.0,-0.0072975727977304,0.06531088376510469,9.763591901701565,0.001383765100621367,0.0006063347187544213,0.0028102496544854987,0.9635485038785351,33.05,90000.0
2.49,4050.0,0.02118282378328267,-0.07536654610659992,9.789187867394839,0.0013616129950758005,-0.0018695724180661545,0.003436960738456221,0.9856984526910764,33.05,90000.0
2.5,4050.0,0.05506984599481292,-0.017232785112344082,9.870587484647697,0.0015879789081290263,-0.0007627019091404779,0.002855590608663382,1.0096685334060174,33.05,90000.0
2.51,4050.0,-0.006335845859204044,0.026437214254067355,9.807530119015155,0.003400428392835585,-0.0013913124267117716,0.002090366888447267,1.0369688110978217,33.05,90000.0
2.52,4050.0,-0.015840715198231867,0.009672466887743737,9.729010512770351,0.0027152633515394593,-0.001684166014961807,0.0034652751066302943,1.047713485069066,33.05,90000.0
2.53,4050.0,0.0003652673969599472,0.05468667102671514,9.74922058781591,0.00015114917873456838,-0.0020579169019078023,-0.0019221008663220462,1.066084162584986,33.05,90000.0
2.54,4050.0,0.010178325804236991,-0.10067586940002328,9.79820671913678,0.0002475571071430635,-0.0004438435186148565,0.0013852881572345768,1.0756031744013337,33.05,90000.0
2.55,4050.0,-0.0684386423357227,0.0010361077391117443,9.89457676371468,0.0019192994908010907,-0.003160942555133859,0.0006405546453187998,1.0828170845695637,33.05,90000.0
2.56,4050.0,0.04903178368696332,0.017720340797102923,9.833677096011659,0.0021036930754812734,-0.0037249217303722396,0.00345220739325069,1.0851082812712147,33.05,90000.0
2.57,4050.0,0.12887857883519419,0.019628792715731393,9.757419243780367,0.002051909069423857,0.0003514825852092593,0.0015838266662249105,1.108878897364902,33.05,90000.0
2.58,4050.0,0.047907470082876505,0.033945554592818804,9.80133610053884,0.0021636078258854344,-0.00047135413329771217,0.002892084502372691,1.117808365169849,33.05,90000.0
2.59,4050.0,-0.08521180416224629,-0.06865834741544119,9.806228974111114,0.0011298643761762696,0.00010698326939841486,0.002055230158828671,1.1471482591829383,33.05,90000.0
2.6,4050.0,0.005560871598574396,0.08503218312253591,9.704000124929443,0.0022573499449608245,-0.0012019013894341503,0.0033840962736838903,1.1233446755744052,33.05,90000.0
2.61,4050.0,-0.10388938457669701,0.026715841732698864,9.80057097787308,0.0022963147187435888,-0.0003814508097520345,0.0030110565765942266,1.1585227878428983,33.05,90000.0
2.62,4050.0,-0.1076306432352363,0.03298741604123252,9.781944638031288,0.00014728407463884696,-0.0017188316380008727,0.0018626994091832405,1.1799001533098576,33.05,90000.0
2.63,4050.0,0.03879028088639216,-0.033942715276794815,9.79370748745991,-0.0003597965966008672,-0.0017594750139250652,0.0025716587843428577,1.1877161793991817,33.05,90000.0
2.64,4050.0,0.004568864308642477,0.010635315772516312,9.749929538249042,0.0017270519349153485,-0.002589124743427878,0.0018722088984188011,1.196542167788237,33.05,90000.0
2.65,4050.0,-0.04042949500066365,0.0782841885421022,9.824687740442911,0.0008249913416819556,0.0014451531835049298,0.001237226795991851,1.203952481536515,33.05,90000.0
2.66,4050.0,-0.12282517749375146,-0.0008931594825566575,9.778330672572402,-0.000613862765090724,-0.002367956361640942,0.002567174280009347,1.190021307550564,33.05,90000.0
2.67,4050.0,-0.07466383408725631,0.011494809868726731,9.757162560190492,0.0024775781866726632,0.0011393569550809037,0.0040456489852713105,1.2277102618963425,33.05,90000.0
2.68,4050.0,0.009543602040960521,0.018635544946682903,9.91173076508449,0.001985168662816863,-0.002715909913846784,0.0030741659668008375,1.2259170331783638,33.05,90000.0
2.69,4050.0,0.0018766239407607083,-0.09608909513815449,9.780662928042704,0.0033436434652705407,-0.0022925085764483205,0.0007617166622333085,1.233423915478554,33.05,90000.0
2.7,4050.0,0.04058188441975457,-0.010153394411342373,9.722336031068446,0.0013216257898591968,0.0006506268443574598,0.0030563002343132954,1.2232156136341232,33.05,90000.0
2.71,4050.0,0.08963640472602297,0.04077702226849956,9.874541979808408,0.001501819676081314,-0.00023596224086319505,0.0007385780149964681,1.2164507098059778,33.05,90000.0
2.72,4050.0,-0.019961819846303828,-0.028745968173916052,9.885788245666701,-0.0006195663145001272,-0.00046881605686192244,-0.0023382206580604636,1.23021134569941,33.05,90000.0
2.73,4050.0,0.027593980564918335,-0.0024812351745881183,9.745900099456344,0.00336588359638037,-0.002326402051114842,0.0005125006016275147,1.2105966816142966,33.05,90000.0
2.74,4050.0,-0.008108046867480755,-0.0019268612070973367,9.777171158366668,0.0022570491198853834,0.0002978648383457551,0.002072941579144616,1.2016858033044029,33.05,90000.0
2.75,4050.0,-0.029216342484064867,-0.09296374833963451,9.792086123167245,0.002643782046742419,-0.0022332138576964,-0.00018867669621462898,1.1874052377007343,33.05,90000.0
2.76,4050.0,-0.014403462997219075,0.0473253896960333,9.778874801860285,0.0010449394508485958,-0.0006212226755996505,0.002101824673188081,1.193936564146397,33.05,90000.0
2.77,4050.0,0.05653062285520514,-0.07967181984725447,9.721014802976498,0.001310355176480119,-0.002040034752351488,0.003472327668005297,1.19476777152258,33.05,90000.0
2.78,4050.0,-0.060512069348177364,0.02486973941018046,9.738921012687925,0.001850143732086689,0.001103463766399661,0.0017254813356303285,1.1710008716357523,33.05,90000.0
2.79,4050.0,0.06713857593696533,-0.007860811076589863,9.92827585087594,0.0003324124969807994,-0.0004879477105158297,0.0024479350952224346,1.1595233533394647,33.05,90000.0
2.8,4050.0,0.08692343118387773,-0.02007169342378451,9.766483217050293,0.00030398619564870114,0.0008209422867706223,0.0014378298244033072,1.1625581006554413,33.05,90000.0
2.81,4050.0,0.002102518636590578,0.00392937528386796,9.771004448482202,0.004177944363150017,-0.0012558017139040261,-0.0014734170658831256,1.1706076844290774,33.05,90000.0
2.82,4050.0,0.014999364258616643,0.04434642927488548,9.847778856500955,0.0018658072603018455,-0.002028985335161505,0.002172854173427724,1.142937248576751,33.05,90000.0
2.83,4050.0,-0.0830701300430041,0.04786385226105365,9.773957407896962,0.00042167161153616023,-0.0029371628011066963,0.0007775530883537843,1.137026958163116,33.05,90000.0
2.84,4050.0,0.13889361689529175,-0.025321241679840067,9.762734519283343,-0.0006040354254433215,-0.0006910314754008809,0.002229707773680254,1.1073796304509949,33.05,90000.0
2.85,4050.0,0.05759753664468074,-0.009677026291007891,9.74051914000931,-0.00026105500700240967,0.000610188522665687,-0.0009155606715402229,1.107748025197127,33.05,90000.0
2.86,4050.0,0.010136694574335586,-0.05056872151318644,9.833399127831697,0.0018408784639002056,-0.00030150679835239124,0.0020736717821754026,1.0976252201672114,33.05,90000.0
2.87,4050.0,0.003379622839407133,-0.08599444502991031,9.814044661182846,4.2432019095240996e-05,-0.002027774119345633,0.002574546074223559,1.0602541922176418,33.05,90000.0
2.88,4050.0,0.026535139648761228,0.05595317819572341,9.86795264003898,-0.00013361663165929104,-0.0016651949654178221,0.003773543941479205,1.0540262088420518,33.05,90000.0
2.89,4050.0,-0.038318657299561784,-0.06456225250808145,9.776905226328914,0.0010853521723397073,-0.0016643406415966847,0.002143130367608022,1.0395304489815627,33.05,90000.0
2.9,4050.0,0.016667093884684864,-0.04326499880043737,9.878624639688088,0.0018798853345624185,-0.0010830776237855375,-1.0850120586391874e-05,1.0319953988064416,33.05,90000.0
2.91,4050.0,-0.05434317447265527,0.022324104679851704,9.810945992150915,0.0031707081508757723,-7.794777744189586e-05,0.0018791214551337938,1.0038301685610296,33.05,90000.0
2.92,4050.0,0.029262235108244546,-0.07929801463666854,9.77079860729985,0.00023000541117738723,-0.0008503743398250885,-0.0008857360373063696,0.9741061079351198,33.05,90000.0
2.93,4050.0,-0.03990600100106095,0.028248785249420514,9.828941326272005,0.0004016393126012939,-5.4378485890368386e-05,-0.0008177648494167917,0.9713775236057562,33.05,90000.0
2.94,4050.0,0.05269220890994316,-0.0496459607005608,9.82248255248297,0.001890845918011249,-0.0004293404061870174,0.0021853831560911083,0.9785612392672866,33.05,90000.0
2.95,4050.0,-0.007082508869422586,-0.06686739836890053,9.818300302902093,0.0006967481853870792,-0.0024524032166534887,0.0026263122904370134,0.9610792374820473,33.05,90000.0
2.96,4050.0,0.01581299254251331,-0.034166408119398986,9.75769954937845,0.0025443903536468415,-0.0009131538062522533,0.0021508991760052294,0.9226406102340569,33.05,90000.0
2.97,4050.0,0.17421836031397298,-0.05007599009025975,9.79618592953471,0.0007209793675071755,-0.002431690582032097,0.00351926100161391,0.9037907300407299,33.05,90000.0
2.98,4050.0,0.04732099737195169,0.013889521892106573,9.790576322848615,-0.0004845628468362152,-0.0009101059863897043,0.002975979973804863,0.8871978206450238,33.05,90000.0
2.99,4050.0,0.015757349784010808,0.08344292201550778,9.845187573108928,0.0003774477861281092,-0.0004377094240373326,0.0026490461835895797,0.8796244999792352,33.05,90000.0
3.0,4050.0,0.002611818518341676,0.03966148752300402,9.87768680695027,-0.0007985458503403806,-0.0021222690299785305,-0.0004537140594834687,0.8727663265088575,33.05,90000.0
3.01,4050.0,-0.06114419510969888,0.02735699114563809,9.851072635747606,0.000629684119892472,-0.002873118672926098,0.0008614806417523166,0.8669717531627543,33.05,90000.0
3.02,4050.0,0.06379546337325635,-0.036204990686836976,9.846117015055713,0.002042153626176424,-0.000747758429388685,0.002077140833805494,0.8656324266446433,33.05,90000.0
3.03,4050.0,0.09428147725096947,-0.014188194153971217,9.867158505292338,0.00144262290348409,-0.0012058053037862814,-0.00018520732162116482,0.8317687544417037,33.05,90000.0
3.04,4050.0,0.0037866488739460693,0.005434896825666088,9.874742890194911,0.0012062821905778317,0.0005736989388788191,0.0001276731197492283,0.8446904331699663,33.05,90000.0
3.05,4050.0,0.09865989223267985,-0.004464603946697865,9.779360445627749,-0.00041694390982965863,-0.0019489429960098355,-0.0003048370582483336,0.8271731849170371,33.05,90000.0
3.06,4050.0,-0.006606412759151051,0.0073313665828928995,9.73369452823921,0.00030690068889026637,0.0012295113431912384,0.0008875466041915454,0.8029028493091006,33.05,90000.0
3.07,4050.0,-0.10432634064623583,-0.07188997100887896,9.811720089450157,0.0008266196246530796,-0.0001285800613075621,0.002074093946335353,0.7818383287597218,33.05,90000.0
3.08,4050.0,-0.038436475595152356,0.10234700171996303,9.891118032795804,0.0017128531785015084,-0.0031330973363664027,0.0034951901445242845,0.7916224892537135,33.05,90000.0
3.09,4050.0,-0.06219332298300196,-0.08065659318155981,9.728552536128513,0.004896907990754052,-0.0019741765925077137,0.0018867507527291513,0.8066597547095053,33.05,90000.0
3.1,4050.0,-0.01615390753663791,-0.010883336713510007,9.745975781369745,0.00040829887045500216,-0.0009986931304517513,0.0013363070211818092,0.7820452207986253,33.05,90000.0
3.11,4050.0,0.03689148821243821,0.0462778729004451,9.805989234960457,0.0026811056244990944,-0.0012051364906351875,0.00036940344542606254,0.8026001038919787,33.05,90000.0
3.12,4050.0,-0.054660712053921076,-0.04635591664069972,9.769789280216308,-0.0002473983063149622,-0.0022723417498432988,0.0036639070836637314,0.7673718090540743,33.05,90000.0
3.13,4050.0,-0.0047216142763811635,0.059246993751675685,9.86083748721905,-8.395871477587617e-05,-0.0035609940210581314,0.002183815055374899,0.802340467834354,33.05,90000.0
3.14,4050.0,0.011729857296746844,-0.08565101004563137,9.807046255839088,-0.0013920590009350539,-0.0014695937203678046,0.002840639111647517,0.7759169865109636,33.05,90000.0
3.15,4050.0,-0.04313130845525235,-0.046437761164500074,9.851984080886636,0.0002675436505350326,-0.0013525233574926353,0.00037306664859598727,0.7731854859626737,33.05,90000.0
3.16,4050.0,-0.05350424457287933,-0.14111063960557826,9.820084700975121,0.0028168975019052097,-0.00024341338813890667,7.761345744661943e-05,0.7817781791488945,33.05,90000.0
3.17,4050.0,0.005129827876926137,0.05796468382634777,9.826371574439657,0.001325949488781336,-0.000775863764324009,0.0021784444572303923,0.7857073717028212,33.05,90000.0
3.18,4050.0,0.05133014271099493,-0.07319143085381224,9.733217517167018,0.0030596044276031253,-0.002533230852778704,0.001981787150425062,0.7801360398583851,33.05,90000.0
3.19,4050.0,-0.03549387954497065,-0.04377882673285799,9.764508490949481,0.0006580862329433858,3.573641949609483e-05,0.00353512191972248,0.7955305583486999,33.05,90000.0
3.2,4050.0,-0.04421180859345941,0.04189635435315729,9.686947922620309,0.002843483567732553,-0.0018644882768937543,0.0009012128295695929,0.7865988527072433,33.05,90000.0
3.21,4050.0,-0.00831133238403805,0.01696000207691108,9.757195741117114,0.000578193379453721,0.00028586262612204625,0.0014841717397246562,0.8385131461770317,33.05,90000.0
3.22,4050.0,0.0170605472550117,0.05924822309752801,9.770312267208284,0.0025919863005043624,-0.0016916704506877646,0.0010938611663413194,0.8415483039894887,33.05,90000.0
3.23,4050.0,-0.03195105738032305,0.034660022894995576,9.822708014318312,0.003635290503985512,-0.0018032400173830763,0.003278275837821923,0.8387969648844447,33.05,90000.0
3.24,4050.0,-0.01966122152525058,0.04894947399885343,9.73483323552913,0.0010339132857429564,-0.0010521790780429704,0.0006950496659391311,0.8486022976651942,33.05,90000.0
3.25,4050.0,-0.013607818308038625,-0.03180803413443486,9.907080304275748,-0.0005322115034831591,2.591108019980378e-05,0.0029099687481424774,0.8875723106475136,33.05,90000.0
3.26,4050.0,-0.06388786883465349,-0.00861367974330245,9.874351480276843,0.003918211898781878,-0.0006799742573149463,0.0017481039613795116,0.872356288317216,33.05,90000.0
3.27,4050.0,-0.0104462657479586,0.039863513240155725,9.742748201127611,0.00013772199722612686,-0.0028440987811969016,0.0025993947616774226,0.9101648242165257,33.05,90000.0
3.28,4050.0,-0.03295315671423937,0.04064573925153794,9.694409094612377,0.000562826551694183,0.00030557890175668775,0.003713342479909802,0.9300141315072075,33.05,90000.0
3.29,4050.0,0.09316646001886845,0.052000420081664916,9.70841325285947,0.0009187770125222828,-0.0019709453558145913,0.0025348076038065165,0.9384180870282405,33.05,90000.0
3.3,4050.0,-0.03043920035283499,-0.048719212862047556,9.820739627089601,0.002629621388457604,-0.0030456024815076334,0.004515700185075238,0.9457178750263328,33.05,90000.0
3.31,4050.0,0.02689636565338221,-0.06816877607155965,9.729905919071228,0.0023150417484916314,-0.0034020145908986504,0.0023092012564161143,0.9699486245808026,33.05,90000.0
3.32,4050.0,0.022330850668252942,-0.07751199442228145,9.78556819701653,0.0022675955904237982,0.0007648882849388617,-0.0007338327447704582,0.9766209646627656,33.05,90000.0
3.33,4050.0,-0.06578489817998874,-0.03153640234274123,9.835748086750527,0.0009708468494020041,0.0010710698748145643,0.0023388573783330595,1.0081335421625588,33.05,90000.0
3.34,4050.0,-0.07348807470507895,-0.009644741898251194,9.825730166086744,0.001083554319109987,-0.0017988726495296106,0.0015195209278731096,1.0035992353889716,33.05,90000.0
3.35,4050.0,-0.026212329933635342,-0.07390918545133784,9.845975759116204,0.0025017531099090747,-0.00144764127416618,0.0005981158009001416,1.0503039828781737,33.05,90000.0
3.36,4050.0,0.03898579479406444,-0.014533157449326081,9.726983705890524,0.003681554088426078,-0.0011188919184343083,0.0015276336309412977,1.0540802830400473,33.05,90000.0
3.37,4050.0,-0.03372934380287377,0.03343783089530469,9.84153185541343,-0.00038631219653748435,-0.002792364656016466,0.0005729025506904912,1.058722398443633,33.05,90000.0
3.38,4050.0,-0.03860805989997869,0.05447043751509778,9.84347490318611,0.003108648846747342,-0.0008596191423967211,0.002403193438606643,1.0903375060936542,33.05,90000.0
3.39,4050.0,-0.17064869830437615,-0.03827341815837804,9.858708109224654,0.0027093991908663556,-0.0002784969034194736,0.0021981150142335497,1.104324210596578,33.05,90000.0
3.4,4050.0,-0.023349960733366093,0.029690555169600782,9.851484562728814,0.0022879134635843536,-0.0016335687469469832,0.003048580242642906,1.1025798372092028,33.05,90000.0
3.41,4050.0,0.01838622625675001,-0.07882323824942952,9.727933615762057,0.00039513939123928936,-0.0007127762958105816,0.0026791807733855147,1.1075751139149042,33.05,90000.0
3.42,4050.0,0.026165351907700824,-0.042565082888639305,9.659325576848715,0.0015106714692837027,-0.0016219736863604113,0.0027019266409052944,1.118989191383682,33.05,90000.0
3.43,4050.0,0.025253629820467624,0.0025387981412578467,9.82449662582578,0.0019186841510984663,0.00037184650975759335,-0.00013531155745860978,1.13860231328794,33.05,90000.0
3.44,4050.0,-0.019290336638670236,-0.0417231791737477,9.896961805083563,0.00048386735688906314,-0.0023223688562286193,0.0014046832702638702,1.1560137616184385,33.05,90000.0
3.45,4050.0,-0.013365943954357497,-0.04955123792171718,9.757704342396266,0.0030295612821266337,-0.0016971238734877477,-0.0009341647701748685,1.1680752540694403,33.05,90000.0
3.46,4050.0,0.04897105156191678,0.012047040788997779,9.757076480821702,0.0007272878798720504,0.0009425396460875761,0.0026289929973196367,1.2078152890521783,33.05,90000.0
3.47,4050.0,-0.007985214873283,-0.0620616499734535,9.813327838794178,0.003534803513785109,-0.0007915565749885969,0.0017850603012492855,1.1890220067373662,33.05,90000.0
3.48,4050.0,-0.13551083932686653,0.0027702668302295565,9.86676055192214,-0.0007019966401757584,0.0023069862053976273,0.0021699709594676943,1.1988801506392628,33.05,90000.0
3.49,4050.0,0.060017267624432415,-0.01006491246998123,9.84632864707096,-0.000527672255478776,-1.4882308829989514e-05,0.0016496741522584314,1.1972260394827332,33.05,90000.0
3.5,4050.0,-0.06341061058345775,0.02615299513315708,9.733605262942273,-0.0012561342372175584,0.0005746858733465412,0.002207846004500133,1.2270711643249028,33.05,90000.0
3.51,4050.0,0.08092185996082421,0.04061818383379341,9.777625879848271,0.0023860745004606705,-0.00014149266865235563,-0.0010701336859781335,1.1976021348500594,33.05,90000.0
3.52,4050.0,0.09968343821296255,0.004036345631092432,9.770085771797172,0.00012632994873702636,-0.002098750712120524,0.002234632587189095,1.2208139523506938,33.05,90000.0
3.53,4050.0,0.044861874254111665,-0.03305724709380823,9.83700043680023,0.0002421327328615259,0.0002593889779780786,0.004226938433513456,1.218868096104923,33.05,90000.0
3.54,4050.0,0.05319807743849928,0.05545775471700986,9.847724535416559,0.002662914541369141,-0.0024275684055074685,0.002303248089679729,1.2193666137528878,33.05,90000.0
3.55,4050.0,0.10931268970895076,0.007718900589054392,9.75141805090591,0.0038146576014673364,-0.0033306370085098534,0.0011454445593383792,1.2208513395338232,33.05,90000.0
3.56,4050.0,-0.06484888393505442,-0.05566039422087286,9.755703541287259,0.00033536443427569515,-0.0005022076739256261,0.003629892509316515,1.2119393040107067,33.05,90000.0
3.57,4050.0,0.01493661675797769,0.006259764093535122,9.820313884166332,0.003294190890768326,0.000345262449382908,0.002232928773876827,1.2029974903157745,33.05,90000.0
3.58,4050.0,0.014066627494391538,-0.039939489516134685,9.790581783206402,0.0021418841682154426,0.0006808869743285249,0.0022973310959240345,1.22405997159159,33.05,90000.0
3.59,4050.0,-0.05690463594752981,-0.15247833408346181,9.758173989717468,0.0013672352976965554,-0.00046914968337711355,0.00454574414977067,1.2225706334466049,33.05,90000.0
3.6,4050.0,0.11837484383275966,-0.0603356994757229,9.776868639001428,-0.0002874729962227254,-0.0011435276323282229,0.002424297070262606,1.2078254252890743,33.05,90000.0
3.61,4050.0,-0.03416794064903729,-0.026212961614500385,9.838964032944698,-0.0005871871028469314,-0.001236292705129994,0.0008672969007418862,1.207267483653053,33.05,90000.0
3.62,4050.0,-0.04302645944959314,-0.030865604373863063,9.782772994749514,0.00147090743596321,-0.00030614646556132395,0.0005892616005738081,1.1856281550721546,33.05,90000.0
3.63,4050.0,0.015752279618618623,-0.09443274068955952,9.79641401612873,0.0015682439064158215,0.0003525453443516114,0.0033285189590880793,1.1468110177957216,33.05,90000.0
3.64,4050.0,0.06067085637342444,-0.024504987613835225,9.757948371474821,0.0004156565833586162,-0.001009210677170559,-0.0005082643631572931,1.1509345298964588,33.05,90000.0
3.65,4050.0,-0.03536551789974718,0.021178318534715766,9.83853415184571,-4.021670976428819e-06,-0.00015941858557013056,0.0010574324268892118,1.1572380652902425,33.05,90000.0
3.66,4050.0,-0.03527847949673268,-0.07100490839222585,9.773055326292129,-0.0004588643594953631,0.0005690508759481864,0.0008168161978709613,1.1109933971304815,33.05,90000.0
3.67,4050.0,0.02966172969662159,0.011161974917839523,9.819054787612126,0.0018777857799177496,0.0006298919478075518,0.003149768499617316,1.1272439440967423,33.05,90000.0
3.68,4050.0,-0.08388301458947704,-0.12318884267957934,9.813586122658123,0.0023247911284324744,0.000581533110214796,0.001468389151861604,1.1155850552017335,33.05,90000.0
3.69,4050.0,-0.045458860369875134,0.025774491275471142,9.780739749152103,0.002387391638726813,0.00012077564566753758,0.0020110458166189933,1.100504071835694,33.05,90000.0
3.7,4050.0,-0.04932167141440926,-0.03728131045820953,9.754467301872625,0.002239879472501818,0.0013712723615036337,-0.0008616463894860408,1.0689931222884692,33.05,90000.0
3.71,4050.0,-0.025556185041100656,-0.08281234062893146,9.799073638900733,0.0006221928577269995,-0.0022721309525935702,0.001043050211738518,1.061876196413607,33.05,90000.0
3.72,4050.0,-0.008370940745876378,0.061229443488750514,9.785538225969448,0.003617597467144246,0.0012978987203100991,0.0017098224103474391,1.046092605746878,33.05,90000.0
3.73,4050.0,0.10851303944576253,0.023336474675359903,9.863241496446308,-2.686516205445451e-05,-0.0009389143925417302,0.0016865614197158663,1.0366040687469107,33.05,90000.0
3.74,4050.0,0.053389025992547086,0.05180529836812373,9.753780629277935,0.0021776294123290975,-0.003198119706966215,0.0017476237981765843,1.0141624203367217,33.05,90000.0
3.75,4050.0,0.0013179087687641867,0.014173128714453484,9.84825358309097,0.000820500235526078,-0.000871378440811063,0.0025743551807679253,0.9800330047331055,33.05,90000.0
3.76,4050.0,-0.013221436784495786,0.016324830826013558,9.87480917864799,-0.00017879715111589884,-0.0005970217240916012,0.0020956734542378758,1.0123200121522018,33.05,90000.0
3.77,4050.0,0.051446741031976016,-0.026666787806919324,9.84252756223923,0.00047823663127994617,-0.0028868046553083204,0.0036129261771991775,0.971571094322315,33.05,90000.0
3.78,4050.0,0.02520700897143347,0.02070429439096634,9.847693302259076,0.0021450538134344913,-0.0010056321317594326,0.0010139425792483807,0.9486492733264128,33.05,90000.0
3.79,4050.0,0.0524386458659127,-0.009055709045005116,9.789170141244819,0.002902490985010433,-0.004098426170250435,0.0015778058593701174,0.9290629434371347,33.05,90000.0
3.8,4050.0,0.08125643553251047,-0.04169465063035717,9.830789300790848,0.0018346473468764792,0.0013265635019769368,0.0011267474682766978,0.9287608583317282,33.05,90000.0
3.81,4050.0,-0.05932149917904551,-0.015262043593573965,9.83135823781455,-0.0027146922652997183,-0.0014088965635260093,0.003929507625021683,0.9070884955787059,33.05,90000.0
3.82,4050.0,-0.1325577604916,-0.07908400335950522,9.709811038967263,0.0024107592472010966,-0.0010537728622341824,0.0035219727148141367,0.8950817825699675,33.05,90000.0
3.83,4050.0,-0.0012828565798190452,-0.005720125039494139,9.785563045763785,-0.0015857421059826484,0.00028926507388002095,-0.00011807805248354795,0.8581210277341319,33.05,90000.0
3.84,4050.0,0.0046754990552007195,0.02161293524028339,9.733724609719973,0.004076814450206273,-0.001031637092541409,-4.1352759446681425e-05,0.8379386301686311,33.05,90000.0
3.85,4050.0,0.016874039381732882,0.003081419618258046,9.695334376973165,0.0016877102734641296,-0.0028026959546607584,0.00301532586528718,0.8660116278668543,33.05,90000.0
3.86,4050.0,-0.03523473044500029,0.029064044412567134,9.803717485127919,0.0015904168914177956,-0.003742490013229895,0.003185192514290373,0.8410584875380884,33.05,90000.0
3.87,4050.0,-0.013687353996148184,-0.022459723545593148,9.830946913939759,0.0027885569912769158,-0.00012321749830464596,0.0024969630440615977,0.8311133167896283,33.05,90000.0
3.88,4050.0,0.03287601141611345,-0.0023125306674390026,9.766145295883913,0.0009897661004121352,6.827436774341092e-05,-0.00029987495452902385,0.831889540622779,33.05,90000.0
3.89,4050.0,0.036042878536847456,-0.0025911194732151886,9.835773452998689,0.0010256899808991347,-0.0016522346679475712,0.0009498137090609537,0.8046617287485401,33.05,90000.0
3.9,4050.0,0.07831466201717469,0.108795020840279,9.83903310582106,0.000852153246784784,-0.0038439906864558733,0.0008373225311166599,0.8076541440333391,33.05,90000.0
3.91,4050.0,-0.12746366409652937,-0.08047128581808051,9.811222091415976,0.0015656069649880276,-0.0005919306822246722,0.0013810959141452698,0.7736924498947488,33.05,90000.0
3.92,4050.0,-0.09700690044000218,0.11398842617443881,9.776567112195334,0.001502034842406687,-0.0010711912588877005,0.0014900194419268024,0.7887163411719751,33.05,90000.0
3.93,4050.0,0.08602047394851793,-0.04689780222198735,9.845369239119066,0.0017048114091265283,-0.0001866675634241387,-0.0005305714104270531,0.7847622463452586,33.05,90000.0
3.94,4050.0,0.03578634113094111,-0.023863215217302662,9.90962568933222,-0.003263714707799223,-0.002155133934008011,0.0007975841093955816,0.7946031379751721,33.05,90000.0
3.95,4050.0,0.04668562880625931,0.012056022346094467,9.685426000978069,0.0012535380788324172,-0.0039683527111024006,0.0009869866650256826,0.7757637801594786,33.05,90000.0
3.96,4050.0,-0.016759632762741776,0.029723823507578604,9.848965985836958,-0.0008457243799072507,-0.0018136494519569357,-0.0011845948961013955,0.8054404905544604,33.05,90000.0
3.97,4050.0,-0.027899255908883352,-0.005746717428671438,9.738165864919473,0.005198094400957293,3.1177068026255496e-05,0.004093593072244173,0.7509283510952776,33.05,90000.0
3.98,4050.0,0.011756431931330986,0.008830507676453585,9.85595894727901,0.002498926500948502,0.0004049865453160164,0.004087979050120225,0.7964514735686186,33.05,90000.0
3.99,4050.0,-0.055297002961554174,0.0772660589923958,9.8647659607279,0.0026886094192104396,-0.0015326711951507998,0.0005683329042627352,0.7658812927287951,33.05,90000.0
4.0,4050.0,-0.0900345606518483,0.14782881912560814,9.782523458187567,0.0020494020215083963,-0.0018328205494069108,0.0009966583159173965,0.8033055206364634,33.05,90000.0
4.01,4050.0,-0.0653458224380703,0.019914443380741526,9.780998021366894,0.0023240812141994017,-0.0035701980471172508,0.0010323122532124,0.8067322615971204,33.05,90000.0
4.02,4050.0,0.006856388962189631,0.036681457371191405,9.80537202606071,0.00013012258649094775,0.0006130698374213865,0.0006753838039764274,0.7962280569588225,33.05,90000.0
4.03,4050.0,0.03749227176276003,-0.00975833307144953,9.813612124226758,0.002488161858337479,-0.001681164875432945,0.002514497077533433,0.8074918809909178,33.05,90000.0
4.04,4050.0,0.09715993507016747,0.09292514582174088,9.794704407865957,0.002585445542187924,-0.002048707426055989,0.0002245293530763931,0.8180425456585568,33.05,90000.0
4.05,4050.0,0.021877933156937958,-0.010543507929146432,9.87361643893771,0.0016393444494362233,-0.0022966234698988367,0.0030495425820366525,0.840655701909243,33.05,90000.0
4.06,4050.0,0.027802853432412063,0.02577659082138256,9.71435011491461,0.0024698284003080322,-0.0016055591389760471,0.002621634481644232,0.8360670285714731,33.05,90000.0
4.07,4050.0,0.09933004343263958,-0.06482520701481179,9.777053003121418,0.0028745298283638526,-0.00047021704768748264,0.001727247391931469,0.8583146346318057,33.05,90000.0
4.08,4050.0,-0.04569832756272388,-0.15897159223506774,9.844931739709635,0.0014104146417251143,-0.001582470288247853,0.004480460943475259,0.8681002839414351,33.05,90000.0
4.09,4050.0,-0.05644460838998472,0.12850176115759313,9.789725739017827,-0.00017411599654174699,0.0008332261046553358,0.002926232192766472,0.8884523251899779,33.05,90000.0
4.1,4050.0,-0.03165184485561083,0.058412540753836464,9.7920142549905,0.0025406847660522265,-0.00014658251555355544,0.0012317295889850235,0.8971659343234983,33.05,90000.0
4.11,4050.0,-0.00566181428256544,0.04966973335475724,9.788876060935035,0.0035297117235981476,-0.0005371691502468296,0.0014707984552856772,0.9151057602472733,33.05,90000.0
4.12,4050.0,0.11904699056333405,-0.0580295764478092,9.862620846495679,-0.0002765473840601912,0.0007566995719501513,0.003373886213832428,0.933919408435744,33.05,90000.0
4.13,4050.0,-0.020525738366445532,-0.09869944384868903,9.847495535928815,0.0030247812165957884,-0.0027325971879495416,0.0006613819474928687,0.9493407744120121,33.05,90000.0
4.14,4050.0,0.07691042176539885,-0.017563657213279422,9.728624143238397,0.0017599493550461908,-0.000854488759572836,0.0002743913364696054,0.9650712735271888,33.05,90000.0
4.15,4050.0,-0.027811314809180296,0.003150530917744524,9.73967572989285,0.002257645107701401,5.4166083503260055e-05,0.0028948318884411215,0.9713064115139323,33.05,90000.0
4.16,4050.0,0.028914878903167917,0.03833923329055784,9.782240494624023,0.002580484618809272,9.215096725205553e-05,0.002783683410592926,0.9887946907767675,33.05,90000.0
4.17,4050.0,0.04008861996728172,-0.003013961076529995,9.798525131517984,-8.722473432096504e-05,-0.0016420443471973146,0.0007264630276029136,0.9976132513571082,33.05,90000.0
4.18,4050.0,0.03135887415189694,0.07092677239616224,9.859991792423184,0.0018061491233127979,-0.002723699792623034,0.004438891175221535,1.030444991501047,33.05,90000.0
4.19,4050.0,0.04419150417135031,0.016577164926871033,9.799756245981714,0.0028267822935699773,-0.0036402303468532804,0.0011965029475225753,1.0282303476724413,33.05,90000.0
4.2,4050.0,-0.04054301163551568,0.014396044468185026,9.884414973752039,0.003390775103101034,-0.00035877265946187653,0.0032146598889739616,1.0529178865820175,33.05,90000.0
4.21,4050.0,0.08567956559551428,0.06406368155396919,9.916399327615167,0.0026196814184575724,-0.0011668281072585347,0.0024399363442309785,1.0704296081329718,33.05,90000.0
4.22,4050.0,0.05772149155030756,-0.04248936471293092,9.755586959932865,9.443814299910582e-05,-0.0012913349645897133,0.0006447253159051236,1.0938480123588201,33.05,90000.0
4.23,4050.0,-0.041298471548521926,0.018808271208664275,9.816753334812256,0.001685057469088831,-0.0008008733412221489,0.0016191609012053774,1.1079002666749405,33.05,90000.0
4.24,4050.0,0.029759053589427157,-0.03591770274166628,9.867419524771684,0.0010523453520444466,-0.0011171842276592344,-0.0016630433765855296,1.1248785056703072,33.05,90000.0
4.25,4050.0,-0.06314467297358986,-0.042886445353215064,9.82058594452086,0.001488313017966156,-0.0017542563632302396,0.0031635046378250095,1.132747247145257,33.05,90000.0
4.26,4050.0,0.005583926498223451,0.0844650884605866,9.82715343155241,0.0029550489485953937,-9.946412068312446e-07,0.0018838744417501879,1.127142857198284,33.05,90000.0
4.27,4050.0,-0.06890660611852203,0.060046294854531605,9.78004807057314,-0.0005518379523687797,-0.0029238645557013287,0.0031289079501358097,1.1497856177815997,33.05,90000.0
4.28,4050.0,0.04226861641075701,0.02765436791838106,9.774515224269155,0.002130884001023935,-0.0026123163126521715,0.0006192297137321733,1.1689383403225944,33.05,90000.0
4.29,4050.0,0.17442329261516915,0.07267245616546265,9.819076603811967,0.002024487149172938,-0.002866203423224501,0.001525062833199162,1.1816257953322988,33.05,90000.0
4.3,4050.0,0.08654407930959432,0.018365627222974693,9.865663421314594,4.0602879489019984e-05,-0.0015251976496355984,-0.00014345719890050738,1.1777588782044621,33.05,90000.0
4.31,4050.0,0.04299898810328975,0.07529359927885676,9.745281920395104,0.0029774091719010024,-0.00017735666691877537,0.0007539040717711713,1.1878276527668803,33.05,90000.0
4.32,4050.0,-0.053124869603284657,-0.05266784764138895,9.79875180472291,0.0005794228553974873,-0.0021124138057411553,0.002866366455582307,1.2010505078139424,33.05,90000.0
4.33,4050.0,0.022374343430793732,-0.01189165492584619,9.913149564965174,0.0014622842183909905,-0.0008436828422881836,0.0025186612316312014,1.194537287152714,33.05,90000.0
4.34,4050.0,0.0696991621853816,0.018937584679850808,9.795741181500045,-0.002230694104881158,0.00026099711769700406,0.0036582493850235128,1.2112596325103708,33.05,90000.0
4.35,4050.0,-0.00520044877874116,-0.06188957670540672,9.81708962347865,0.0029681376785164752,0.0014195106420591824,0.003265968745736094,1.230273896719867,33.05,90000.0
4.36,4050.0,0.007606737238265345,-0.04238189284565053,9.854357780831288,0.0010043140668922962,0.00014492407613259185,0.0020150323335762594,1.2049576799324075,33.05,90000.0
4.37,4050.0,-0.09969495383795074,-0.0754581532203602,9.841040167915724,0.0009574661398679343,-0.00173966364688019,-0.001742620784619424,1.2046978249483895,33.05,90000.0
4.38,4050.0,-0.05033285580664891,0.036190282843376886,9.79812670234505,0.0034467276738504144,-0.003120189291741074,0.003807972344018277,1.2328877317651643,33.05,90000.0
4.39,4050.0,-0.10875688578308489,-0.030146196483652105,9.794529482232644,-0.0013114144933807559,-0.004522282199454713,0.002091966801067127,1.217687413542597,33.05,90000.0
4.4,4050.0,0.11264717075723359,0.012488833839779029,9.897133499747467,0.002618376420368292,-0.0018501090816922616,0.006223621776409534,1.235775545928637,33.05,90000.0
4.41,4050.0,0.027809627221491585,0.027334583901804346,9.75182985897226,0.0028800995090053293,-0.0008806411738387546,0.0044201948948381625,1.1974502283253896,33.05,90000.0
4.42,4050.0,0.04264074461201436,-0.012306649361275167,9.727758935356226,-0.0013953432814619619,-0.001639328885588747,0.0026987491983045575,1.220143734811287,33.05,90000.0
4.43,4050.0,-0.011926767827793614,-0.0017659121217288554,9.872945191764362,0.001768733476616272,0.0016791226745874906,0.0021382866514685827,1.205543653925728,33.05,90000.0
4.44,4050.0,-0.08594539871255454,0.0048899850336707115,9.88177648571329,0.0008635281394019616,-0.0028247287756631304,0.0013924858497522642,1.1809709027606907,33.05,90000.0
4.45,4050.0,0.010354106265306962,0.02163022121427657,9.7508061980639,-7.714092119253023e-05,-0.00188100859936565,0.00028772198102831707,1.1909617662872394,33.05,90000.0
4.46,4050.0,-0.037450940604971374,0.07490121626557812,9.859513056083202,-0.0004146387335407186,-0.004219008559196552,0.0009299564557093942,1.2030569716713286,33.05,90000.0
4.47,4050.0,-0.05706448454331585,-0.06689545163322407,9.829318179533752,0.0024167896998506825,0.0005705657009495598,0.0017282004589177398,1.1771044415423186,33.05,90000.0
4.48,4050.0,0.003260374036805334,0.0021649505382486055,9.801562986740747,0.0030440666369349004,-0.0018785155952859742,0.0002992846968913005,1.158168654601129,33.05,90000.0
4.49,4050.0,0.006461698675050115,-0.07267082830724178,9.814768335485057,-0.00017846859960647213,-0.0035590163902374664,0.0013764997273362143,1.1392132338442462,33.05,90000.0
4.5,4050.0,-0.010620168402575405,0.08102359370591672,9.91724636148061,6.834692233240376e-05,-0.0012767339000482624,0.00329825646658439,1.1148715439644628,33.05,90000.0
4.51,4050.0,-0.045557897683133806,-0.10927839692535064,9.852568702259374,0.002557614042930823,0.0009829419185383194,0.00039173221108156813,1.100864136929348,33.05,90000.0
4.52,4050.0,-0.058008364775904916,0.00662178475269808,9.843583347196132,0.004806979025989445,0.0016965931894121688,0.001484792499539736,1.0975929768329098,33.05,90000.0
4.53,4050.0,0.0003719023716472773,-0.027216955429468455,9.839730856206971,-0.0007914775147859861,-0.0013957517517441255,0.0013689050540487975,1.0977018134954004,33.05,90000.0
4.54,4050.0,0.07193091347667585,-0.036375650370934466,9.774076038812067,-0.0006581296610264363,-0.00017720096237119684,0.001977286461659226,1.0696873753370717,33.05,90000.0
4.55,4050.0,-0.09439744706390872,0.03836162767361216,9.79051379422262,-0.00013676747275545836,-0.0016407818088923132,0.0004663639046411315,1.0752997155331858,33.05,90000.0
4.56,4050.0,-0.03866852277531414,0.027736045377806107,9.800719672068762,-0.00011496469487226467,-0.0013599265848616465,0.001169214740984185,1.028385439901532,33.05,90000.0
4.57,4050.0,-0.009553145344909638,-0.058572939020264586,9.757486870576582,0.003047398976992775,-0.0017757051106595163,-0.0014521859142461449,1.0103999584381638,33.05,90000.0
4.58,4050.0,-0.009340127449588943,0.023762615579659696,9.840392107435415,-5.427739132110687e-05,0.00113318697601748,0.0015196979259617634,1.0074023001919232,33.05,90000.0
4.59,4050.0,-0.03487814060620111,0.01357325979780556,9.876980411858655,0.0045799583940169825,-0.0020279204640048275,0.002716724705277697,0.9891273814558325,33.05,90000.0
4.6,4050.0,0.11347313247597363,-0.046353754414100355,9.803698543586092,0.0020615640174658236,-0.0038700549221251704,0.002721868836617025,0.9916961303478753,33.05,90000.0
4.61,4050.0,0.023524140242591064,-0.08765317840998846,9.761115424164005,0.0028569012104810265,-0.002621565257585984,0.0033197817592152804,0.9649233643301258,33.05,90000.0
4.62,4050.0,-0.057979865050737586,0.04271521822555495,9.76284179208322,0.0023011475059969075,-0.0019084143114135462,0.00033630869941104704,0.9416528372334508,33.05,90000.0
4.63,4050.0,-0.11074439359396304,0.037116915659336926,9.903220645936353,-7.103477665415768e-05,-0.0008124703411949968,0.0021769274445866786,0.9162624371911232,33.05,90000.0
4.64,4050.0,-0.010129281372337316,0.026808351052384816,9.774815525419065,-0.0005897425339675782,-0.001840325572517733,0.0019275116921496035,0.9181962333003074,33.05,90000.0
4.65,4050.0,0.08705179369525934,-0.03382094530281345,9.73742844634347,0.002757545113687516,-0.000789245375450372,0.0014234546794660973,0.9239214566606626,33.05,90000.0
4.66,4050.0,0.011342396989426178,0.06694414737097072,9.721789396757433,0.003151280985599226,-0.0007648707907449236,0.002231771738170147,0.882238046886217,33.05,90000.0
4.67,4050.0,-0.1362726775421487,0.19614442344264651,9.781473063381775,0.0020273096775060475,-0.0015728128246972465,0.001882279659713274,0.8525436279601142,33.05,90000.0
4.68,4050.0,-0.08101921082453396,0.005890090752622659,9.88081249230224,0.0014169462344456078,-0.00012114400650128584,0.0004973084147029068,0.8360405769502866,33.05,90000.0
4.69,4050.0,0.007232421545712395,0.02731151046176994,9.88289826669173,0.0015564207082484553,-0.0023431331675644487,0.004074045901301771,0.8385846741005184,33.05,90000.0
4.7,4050.0,0.06281808102609636,-0.050927568143489914,9.844121033268104,0.00173364831394684,-0.002473505066111045,0.004039837452860018,0.8342477547117013,33.05,90000.0
4.71,4050.0,0.008300807522442291,-0.05042818445055563,9.765841715269174,-0.0005249839578076396,0.0002457332707625879,8.405551807694356e-05,0.8132415877726544,33.05,90000.0
4.72,4050.0,0.008784403463202263,0.09827573401906914,9.857964594108832,0.001503557711559229,-0.0009696595491238233,0.0025851775750849637,0.8072142497372792,33.05,90000.0
4.73,4050.0,0.0631349976277829,0.12820924591689703,9.798054812014973,0.001419296668467587,-0.005076167368564095,0.0008954051114140807,0.798914260052168,33.05,90000.0
4.74,4050.0,0.07391781998955703,-0.01817841204442635,9.84546315970625,-0.0011387469124341872,-0.0016791795205295527,0.0029309826960754984,0.8130682727470975,33.05,90000.0
4.75,4050.0,-0.03980698846370561,-0.041971263031708436,9.93786276675097,-0.002458967838734227,-0.0002861983620018313,0.0007139678656705892,0.7769257880670298,33.05,90000.0
4.76,4050.0,0.025774569851760278,-0.057510035486785405,9.796488323790054,0.0010436394155993434,0.0009851182821537818,0.00017032750497810315,0.7817305763744752,33.05,90000.0
4.77,4050.0,-0.05633233263812368,-0.03949323064814605,9.729684510640746,-0.00152822197278072,-0.00011354318147707497,0.0024912590335532587,0.7969907288197141,33.05,90000.0
4.78,4050.0,-0.06334525921948395,-0.00102076336864188,9.922281662970212,-0.0019682140374448253,-0.0006062177481460148,0.0010568898703480405,0.8001019328866145,33.05,90000.0
4.79,4050.0,0.03461790472005245,-0.07674600341909883,9.800671712309489,-0.0010821552298393932,0.000375508624117634,0.0021410580741322866,0.7743370659791395,33.05,90000.0
4.8,4050.0,-0.08375511826799657,-0.04553688174314805,9.799564945416304,0.0016806991074443216,0.00034888459119881363,0.001187656214240171,0.7796549982773775,33.05,90000.0
4.81,4050.0,0.009994772965824012,0.05078086402207982,9.713854323361522,0.001338339482347626,0.0005402069290489554,0.00026788324354883644,0.8056494972568473,33.05,90000.0
4.82,4050.0,0.018487439542234384,-0.01421966838983405,9.854440053408352,0.0015161690919982564,-0.002632128311569493,-0.001793926609327471,0.8017467860495534,33.05,90000.0
4.83,4050.0,0.05067807681718575,-0.05011597392798421,9.872615903273177,0.003846566312680182,-0.0011783034341898142,0.0031818360592471722,0.7810404336606916,33.05,90000.0
4.84,4050.0,-0.06769113839367066,-0.07311119432700187,9.825746046064594,0.0021540820274442056,-0.0031505137762504218,0.002245118207332438,0.7844826417800833,33.05,90000.0
4.85,4050.0,0.022407187206722433,0.05762690765797294,9.87523892252746,0.0036274155130307816,0.00041747916690868165,-0.0012100128180707926,0.803997185198957,33.05,90000.0
4.86,4050.0,-0.007380181940023203,-0.06592700304998675,9.787649033327162,0.0016777814672248941,-0.0019906325099242972,0.00026164417910981325,0.7993237224152957,33.05,90000.0
4.87,4050.0,0.08743963598417007,-0.013208626064110466,9.890510159411239,0.0029440378381018232,-0.002468776215193766,0.0014278172291709418,0.813897425856984,33.05,90000.0
4.88,4050.0,-0.04370346728014742,0.05347776069525535,9.856820503959263,0.0036657597431791937,0.0014495650201092397,0.003598331162755934,0.8327962692714183,33.05,90000.0
4.89,4050.0,-0.06531350298754274,0.026556392497458232,9.915152383152009,0.00426960569588539,-0.0025626697157123133,0.002754617876540053,0.8197780776994494,33.05,90000.0
4.9,4050.0,0.02943296166183539,0.0120692211285488,9.713001713361843,0.0010864372751759129,-0.0016225164666672472,0.002888380899729478,0.8540587124352474,33.05,90000.0
4.91,4050.0,-0.05035590424845323,0.012631086101059513,9.737776189058634,-0.0003345486583956609,-0.0010723349949141306,0.0023219201552189214,0.8691175855524186,33.05,90000.0
4.92,4050.0,-0.07615634664130014,-0.06029046867379303,9.863774557585364,0.0014844510117938948,-0.0013279301496812912,0.0017554651657315022,0.8741231858058113,33.05,90000.0
4.93,4050.0,0.05354853115583003,-0.047003835506182465,9.83369466816561,0.003358505058948417,0.0004998082864868445,0.001946236814276418,0.900718239065183,33.05,90000.0
4.94,4050.0,0.02532389118613921,-0.03207581728948563,9.757642336912014,0.003678902458811049,-0.00023526584132604035,0.0023572842105079213,0.8979086829851965,33.05,90000.0
4.95,4050.0,-0.1830757873399335,-0.1726715094334677,9.817321438036865,0.0015843490466198647,-0.002457900964789137,0.0009323378000343007,0.9171657201658355,33.05,90000.0
4.96,4050.0,-0.054190658576840335,-0.029244037755435576,9.866571961020892,0.001938186722596787,2.3748821185515583e-05,-0.0011066408833308192,0.9148805122425837,33.05,90000.0
4.97,4050.0,-0.06519678549563372,-0.010741184567813741,9.87909435226706,0.0037001945945331414,-0.0014726983722386754,0.002282014876751753,0.9169166748974471,33.05,90000.0
4.98,4050.0,0.037913332440481846,-0.0097627906745519,9.82783400247701,0.0016542078585177955,-0.0018690158710378464,0.0014953249442359825,0.9553141382781952,33.05,90000.0
4.99,4050.0,0.08664545578531559,-0.012103245294240828,9.817863836819646,0.00237491221629271,-0.00026957199446955274,-0.00034069790977816675,0.9837761476626729,33.05,90000.0
5.0,4050.0,0.12109929803488384,0.00704377223929291,9.840098803604914,0.002739231090736386,-0.0004887564805491979,0.0014267969719102874,1.00115641065459,33.05,90000.0
5.01,4050.0,0.04154838571349641,0.01089870918438639,9.80967107551151,0.0010779694066968622,-0.0008997093557576216,0.003352126750296994,1.0141325414622453,33.05,90000.0
5.02,4050.0,-0.06448922280108194,0.09071831589242592,9.924949361374827,0.00016677735808017492,-0.002267289458465643,0.000500298083867614,1.0306509068690257,33.05,90000.0
5.03,4050.0,-0.06656394686503808,0.004270245035352232,9.787329345308644,0.004969524785778273,-0.0009750349801472146,0.0012977804476495289,1.0490010244413608,33.05,90000.0
5.04,4050.0,-0.05605887248618117,0.0451561390230231,9.813425901985152,0.0005523254748997345,-0.0027697981181309633,0.0011051185430962914,1.0668459110576498,33.05,90000.0
5.05,4050.0,0.028796596513920927,-0.039459494461751045,9.801228010981633,-0.00014263205615430217,-4.5731100803010795e-05,0.0005423752953530229,1.0728670293024292,33.05,90000.0
5.06,4050.0,0.07445725624306862,0.014451769921167439,9.903750891931807,0.0010249096745121064,-0.001498406453626182,0.0007721993396986249,1.0782170827735582,33.05,90000.0
5.07,4050.0,-0.11284057369363115,0.012449068588293874,9.78102962753377,0.0016261450237294679,-0.0012259124408755021,0.0014482722692896795,1.1191200250288384,33.05,90000.0
5.08,4050.0,0.035847909673070104,-0.017808856347544977,9.864387627900053,0.001820791142041448,-0.00014266515584937807,0.0029773862148338194,1.1098449402386497,33.05,90000.0
5.09,4050.0,0.05459495191036588,-0.10444336168625502,9.808970102893142,0.0009257786108988666,-0.0013768958270796653,0.0019042352063428412,1.1565930467060357,33.05,90000.0
5.1,4050.0,0.01859161227389106,-0.08309873391088092,9.785548417994393,0.002121363323154672,-0.00044455807587564047,0.0029396533914269143,1.1388045453650424,33.05,90000.0
5.11,4050.0,0.19041958985472335,0.02199867352504089,9.689311201809774,0.003880494443500765,-0.0020945156130633153,0.001457178985077607,1.1587994645256856,33.05,90000.0
5.12,4050.0,0.03149398900823552,-0.007264379906543095,9.808506838960703,0.0009187195452989041,-0.0007178164451334246,0.0018702565861562375,1.184789733083708,33.05,90000.0
5.13,4050.0,0.0019118162161044464,-0.018611944268369287,9.910773215180695,0.0014590976587040185,0.00017621676853109343,-0.0004489312922181302,1.1779014847477112,33.05,90000.0
5.14,4050.0,0.035923026544111385,-0.04388311908633678,9.77099143057338,0.003418084355314269,-0.0036552955344041197,0.0023419477045542965,1.1780004691796397,33.05,90000.0
5.15,4050.0,-0.03201930609096301,0.001186156268343771,9.639662091621481,-6.063143804478196e-05,-0.0017332579754610591,0.0029829631777076914,1.197469418575909,33.05,90000.0
5.16,4050.0,-0.06468063993848253,0.02951954801795256,9.828991891470857,-0.00033298892425787785,-0.0009739549032842989,0.001852963764356754,1.2169821100582143,33.05,90000.0
5.17,4050.0,0.024841048945472375,0.1050574554399766,9.740861688582356,0.0003893084971134845,-0.0013461582270652955,0.0031808089079854982,1.211315523565285,33.05,90000.0
5.18,4050.0,0.06787922546561558,-0.0045562257461774815,9.706407969048286,0.0012342551520657093,-0.0004686978581284353,0.0033896214760766753,1.2134749324083876,33.05,90000.0
5.19,4050.0,-0.013823693136958531,-0.013890070403597804,9.779953226968697,0.002697150247181175,0.00047548957547308054,0.0019664490345766596,1.2170962990371972,33.05,90000.0
5.2,4050.0,0.05446926858109754,0.012430443166697063,9.73164562604703,-0.0009782310900748002,-0.0009871833593967008,0.0024040331878935725,1.2350884990701936,33.05,90000.0
5.21,4050.0,-0.022110487261629883,0.0648828254096069,9.871878195023106,0.0004199016580941953,-0.00047779172429058165,0.004457092469710911,1.2054466042360328,33.05,90000.0
5.22,4050.0,0.09599089263296195,0.13196673455978308,9.822289313776697,-0.00022224071020071962,-0.0005452496121817453,0.0006945059538972328,1.2230961579231752,33.05,90000.0
5.23,4050.0,0.012638200642508837,0.029642737852221174,9.846038625182613,-0.0009108085003139345,0.00026922975632831986,0.002307464459449444,1.2461122989368019,33.05,90000.0
5.24,4050.0,0.03143897436032462,-0.08743227926147903,9.772161342296162,-0.0004744003705784391,-6.479982538743817e-05,0.004301456245251596,1.2144427930787454,33.05,90000.0
5.25,4050.0,0.04508110872755429,-0.001506214224080737,9.803077491751022,0.002481801410899202,0.0009793267181523306,0.000914184297893841,1.219636604880524,33.05,90000.0
5.26,4050.0,-0.07955613771989582,-0.06949502258890242,9.775945644671678,0.0015422845343624108,0.0004170286153884843,0.004388669875791026,1.1956779487506635,33.05,90000.0
5.27,4050.0,-0.010716359767370618,-0.05933995657277937,9.8239477217263,0.0016240500089733058,-0.0019340327739637599,0.0019757799809638943,1.1909164297345456,33.05,90000.0
5.28,4050.0,0.10829644868382994,0.10340262499790308,9.676179793731809,0.0022916698257510948,-0.0007290012415000497,0.0008862405160746889,1.1901817771696361,33.05,90000.0
5.29,4050.0,0.0021472191777570366,-0.023074111278560714,9.80511844894522,0.0020316404423830433,0.0002482740266076096,0.0026286013640443003,1.1792079361311016,33.05,90000.0
5.3,4050.0,0.08252924106583864,-0.044520844084179646,9.867646901197318,0.002018916930836408,-0.0009035989062327518,0.002919548239657573,1.1585971531660915,33.05,90000.0
5.31,4050.0,0.05201981659290329,0.0779685421820122,9.907016630526668,0.004168939062206946,-0.0049309681733356765,0.0011839299508162769,1.16875284826222,33.05,90000.0
5.32,4050.0,-0.10754339362880017,0.002211869993942186,9.85570223978897,0.0023712448991802053,0.001396091070558756,0.002127916846511632,1.1415740724200565,33.05,90000.0
5.33,4050.0,0.04162161954906609,-0.06875853217902775,9.815214852386475,-0.0025686001096281133,-0.000479629462764976,0.0013344291377356623,1.142938986995233,33.05,90000.0
5.34,4050.0,-0.06403475982641475,0.001338131309136492,9.706354025508727,0.0022248197740169636,-0.0006832914899220215,0.001058752647770478,1.1198047382659015,33.05,90000.0
5.35,4050.0,0.01537080362510827,-0.08400859145995149,9.815544214501125,0.002806163404832827,-0.000634756470216939,0.0023737018751444853,1.1230988646336444,33.05,90000.0
5.36,4050.0,-0.024453941867536286,-0.052450635394597454,9.691013148268496,0.0021197082536593284,-0.0022129908644384216,0.0031863522739361797,1.0899271084709627,33.05,90000.0
5.37,4050.0,0.001280458980823098,0.009037652814050836,9.753659483005817,0.0005213699137825827,-0.0010485190395207913,0.0007227158976054541,1.0663791663337179,33.05,90000.0
5.38,4050.0,-0.0041704657297996685,-0.15149840531653072,9.79405596519956,-0.000105275848015162,-0.0015715752607588069,0.001616434323091433,1.0742775222250087,33.05,90000.0
5.39,4050.0,0.014278562143416103,0.040167000245157444,9.79018304078555,0.0014620150235210149,-0.0022248822166331477,0.004632765195691138,1.0280665740262758,33.05,90000.0
5.4,4050.0,-0.026378707569251723,0.013178895223377497,9.858357808245993,0.00238548309746333,-0.000881784027332258,0.002638805511540071,1.0238333033621478,33.05,90000.0
5.41,4050.0,-0.0794911731471742,0.047698329800414614,9.789658398650259,0.0026642867392040826,-0.0005178498544159334,-0.00019053021082573,1.008159958418254,33.05,90000.0
5.42,4050.0,-0.05942561907712908,-0.024548733560802994,9.73193906570822,-0.001290684104406413,0.0004496583277411309,0.0028945228454784733,1.0075024634680438,33.05,90000.0
5.43,4050.0,0.05391146552913493,0.023251620392741566,9.777512389589779,0.00188519495808201,-0.0006794048949957734,0.0002227792093955,0.9840338038485851,33.05,90000.0
5.44,4050.0,0.10146903878796444,-0.05945893233278623,9.761405667627544,0.003262504200258162,-0.0012612105430766366,-0.0002645616708066468,0.9642543998725718,33.05,90000.0
5.45,4050.0,0.013684499491431383,-0.055621123501875105,9.869823937757962,0.002518525439407532,-0.000258465022793506,0.001747821563996908,0.9652408464049257,33.05,90000.0
5.46,4050.0,0.04956069339061266,0.004689770584178407,9.719433751442416,0.005112248803845327,0.0004222573963213733,0.0037337884639097756,0.9313876880915827,33.05,90000.0
5.47,4050.0,0.05747798292687035,0.00027592123955160174,9.777097851855505,0.00037867489677051984,0.0003077308149835631,0.0031294037946525913,0.8985973886428602,33.05,90000.0
5.48,4050.0,-0.08036492885268885,-0.0018341995328261483,9.859797425261737,-0.0003718653629859817,-0.0013667488344169156,0.0038031565895112122,0.8857633485572914,33.05,90000.0
5.49,4050.0,-0.11018661683839431,0.07809685193147085,9.755407106016618,0.0026850820703407142,-0.0009218346231355412,0.002970915096612553,0.8678706840308553,33.05,90000.0
5.5,4050.0,-0.0030159216930218005,-0.017306891092569325,9.82841013860255,0.0035921091608093875,-0.001443840880171483,0.001368304232073179,0.8706547801851372,33.05,90000.0
5.51,4050.0,-0.11134341735048386,0.02519534218883625,9.807621107813468,-7.710823664331048e-05,0.0019283936829313229,0.0025488994733378497,0.8570205036652953,33.05,90000.0
5.52,4050.0,-0.016033010362024577,0.01903050063243085,9.785799642790073,0.0014652592263764627,0.00033090424504152866,0.004274810304032693,0.8498234735613429,33.05,90000.0
5.53,4050.0,-0.086978537196824,0.00812667114081355,9.702447670270596,0.0017440384559486838,0.000658660472526748,0.004630030559475232,0.8370451709878461,33.05,90000.0
5.54,4050.0,-0.036718252803459486,0.023078171054350907,9.807671115273045,0.0020088859892186434,-0.0024068503690912366,-0.0003452326758575913,0.8260558791895769,33.05,90000.0
5.55,4050.0,-0.044199760134750146,-0.10292977074738052,9.775311944224303,0.0032301259245739898,-0.0005221741861287618,0.0022719164264285207,0.8347284909651074,33.05,90000.0
5.56,4050.0,0.03059659800299123,-0.03369742972869413,9.822513944879933,0.004818049733493683,0.0009139925393542034,0.0009197959747194121,0.8100253710066772,33.05,90000.0
5.57,4050.0,-0.038083742895639504,0.06368064514072412,9.72017452094002,0.0005635310140520526,-0.002780344053411193,0.0031478695239596354,0.788854030972285,33.05,90000.0
5.58,4050.0,-0.06753368547354284,-0.01835952331811759,9.836782469003555,0.0009440898383384908,-0.0011680728623762078,0.0027911711760282873,0.7870374699792919,33.05,90000.0
5.59,4050.0,0.0028716841666411664,0.03990063670486106,9.844766843175979,-0.0007887123808777077,-0.0037002640965249803,0.001850971658974672,0.7819935228985369,33.05,90000.0
5.6,4050.0,0.1745888081291139,0.02661394563607917,9.888540077725903,0.0025286350753267726,0.0031557418435913215,0.0008669135235447115,0.7831826001067342,33.05,90000.0
5.61,4050.0,0.028994839947435593,-0.17997921894098542,9.77754350400349,-0.00024373853793304415,-0.0007025409104854942,0.0024358040575156886,0.7640937197687455,33.05,90000.0
5.62,4050.0,-0.11443926546117716,-0.0781104018352717,9.765038640276318,0.001580215280584308,-0.0017322713888201131,0.001729627023079632,0.793135743164141,33.05,90000.0
5.63,4050.0,0.005372902680150516,-0.04022247801485395,9.859248721051461,0.002069783935175662,0.00022211835192497006,0.0020450445633684615,0.765396096002792,33.05,90000.0
5.64,4050.0,0.15128310537585749,-0.041135311093141176,9.74444658664025,0.003332119921395351,-0.0015703006734605848,0.0016369639104779638,0.7874148049544513,33.05,90000.0
5.65,4050.0,0.009952286341715268,-0.027507927198003466,9.755558025992991,0.001320921612926742,-0.00011401166516466314,0.002297457241046172,0.7944314052881434,33.05,90000.0
5.66,4050.0,0.07535425335105365,-0.026522807484461723,9.787931072964293,0.0006885837224536662,-0.0016616696618324271,0.0018652528414982758,0.7961160483546714,33.05,90000.0
5.67,4050.0,0.06531901238235975,-0.04904136308528797,9.739338167604815,0.00046678705755396027,0.0005782057267287817,0.0029780069852644877,0.7949705530801809,33.05,90000.0
5.68,4050.0,0.06992385392268802,-0.04033487406364405,9.890884839171388,0.002823276761156092,-0.0019272099078852256,-0.002004363784624321,0.7995547990972506,33.05,90000.0
5.69,4050.0,0.06182865788988209,-0.1160331615889639,9.862739848124217,0.00089503599062845,-0.0008049592629001151,0.0015037588573839976,0.8257403749471606,33.05,90000.0
5.7,4050.0,0.01663107623684058,0.11274991521952749,9.678353918541871,0.00147763098013897,-0.002424234433502041,0.0011669471022265274,0.8237033763409944,33.05,90000.0
5.71,4050.0,-0.01084515849576121,0.08041491705994873,9.680113771041935,0.0025005451806771255,-0.0007815843235665415,0.002288823753444925,0.8081593792420319,33.05,90000.0
5.72,4050.0,-0.016389806440427986,0.05012295965988971,9.768135783812173,0.0032789446106650188,-0.001171308731790216,0.0030203972362763346,0.8416750239433306,33.05,90000.0
5.73,4050.0,0.00707675670213992,-0.0062934296274971685,9.835816053251028,0.003073227394394845,-0.002761457992652844,0.002138923737357173,0.8327154762875913,33.05,90000.0
5.74,4050.0,0.02512664470886388,-0.05496942415955311,9.846622600963547,-0.0006474864566972384,0.001501176982762133,0.0019330611610804695,0.8676643335979737,33.05,90000.0
5.75,4050.0,-0.0750604420277992,0.1418578175247403,9.889488294065378,-0.00018624036823253654,-0.0012872572244761282,0.0011573425842927878,0.880464327761186,33.05,90000.0
5.76,4050.0,-0.01650211351606998,-0.05688207940197037,9.82328881891099,0.0019150212434899292,-0.0010226571083437831,0.0028555163343531014,0.9158793536917658,33.05,90000.0
5.77,4050.0,-0.002386661522109618,0.0826549052822881,9.743609041559019,0.0022301707440606465,0.00029057190266619146,0.004384680743174769,0.9012702014186015,33.05,90000.0
5.78,4050.0,0.006346421874906112,0.016666897637567624,9.83123813792185,0.001794331191460238,-0.0023396621029978045,0.0024295310225452625,0.9121038728438129,33.05,90000.0
5.79,4050.0,-0.018221886299590855,-0.055149012343162156,9.738387917651036,0.0032900956254280677,-0.0025207877254421027,0.002157334986572362,0.9265602532574376,33.05,90000.0
5.8,4050.0,0.047448636026329157,-0.04958849037035976,9.757311710062877,0.0036297987234550845,-0.0019287025695183331,0.002435681548067639,0.953204581473997,33.05,90000.0
5.81,4050.0,-0.006118785965438778,-0.026316797189177753,9.711969196911287,0.0012865115258415413,0.0004759839234460983,0.0010859610145183426,0.9683806471861375,33.05,90000.0
5.82,4050.0,-0.022090793262485704,-0.03834756703089939,9.753452400623312,0.0016572374292108674,-0.0023743330517676103,0.0007493628453495468,0.9843299324105542,33.05,90000.0
5.83,4050.0,-0.07277677400445251,-0.08482338713097332,9.769812345779808,0.0029745538261254935,0.002611077320555539,0.0006785495466999048,1.0098065923565924,33.05,90000.0
5.84,4050.0,-0.04574208794620574,0.02332743533925844,9.772740342815235,0.0026566216857789628,-0.0006704478331181896,0.0020722304008229933,1.0180441683740213,33.05,90000.0
5.85,4050.0,0.013510371625203783,-0.05567345815339681,9.910777540980895,-5.9621765464129626e-05,-0.00047314840545472205,0.0028328883924686995,1.010589213129602,33.05,90000.0
5.86,4050.0,0.007012287411329321,0.04322069306292862,9.812311169948067,-0.00048201412676948885,-0.0003301318168149021,0.0022255657533895865,1.0391360591473129,33.05,90000.0
5.87,4050.0,-0.11995726113792922,-0.01216728411359309,9.827108223535538,-0.0011633565302060277,-0.0018702660905222735,0.0013789921215386393,1.0622092284036269,33.05,90000.0
5.88,4050.0,0.05438592145350702,0.006701175548870324,9.815834224783147,0.0013732793603921406,-0.0010382207625955215,0.0026806860454576817,1.0821611364860277,33.05,90000.0
5.89,4050.0,-0.04134141585818611,0.005132226821539892,9.899832100279996,0.000534162437381423,-0.001832977004566762,0.0013550978455774678,1.077958845599203,33.05,90000.0
5.9,4050.0,-0.05306911519077759,-0.02450315229602551,9.750664061512188,0.0004036893627712504,-0.0011201880375462869,0.0022812440468894025,1.120286383339636,33.05,90000.0
5.91,4050.0,0.06558946823624626,-0.007437614159837549,9.850789160676396,-0.0008384400027833728,-0.0013172087349427413,0.0010600883847842225,1.1164749596056542,33.05,90000.0
5.92,4050.0,0.06845145982872945,0.008473504000223732,9.75634301412899,0.0013065886062759982,0.0009951040184098992,0.0023061197989839148,1.145640613563156,33.05,90000.0
5.93,4050.0,-0.04185925799782635,0.13420007434285539,9.798488768807452,-0.00080136439859832,-0.000708361133187353,0.0005230084613615659,1.1575842265894205,33.05,90000.0
5.94,4050.0,-0.02092452007063794,-0.07738817175408905,9.8357790479776,-0.00030997792314615074,-0.0009538697576607151,-0.0004066093780702053,1.1515225277057974,33.05,90000.0
5.95,4050.0,-0.07202312430786623,-0.043126335502786654,9.727200952196315,0.0008632142313042348,-0.001210029992180928,0.00252597223105799,1.1783516111817707,33.05,90000.0
5.96,4050.0,0.04790902897120013,-0.02462700327863873,9.783904970604743,0.0020470239942864256,-0.0020179015738630316,0.003764572708031633,1.1945934677966599,33.05,90000.0
5.97,4050.0,0.05323114049586963,-0.07598872532364374,9.80698462412242,0.0014235591344025449,-0.0022745485366376323,0.0011842893734300012,1.1912495258926192,33.05,90000.0
5.98,4050.0,-0.02581969977578478,-0.08049918549135443,9.836335058513763,0.002364789015756962,-0.0012891416433060644,-0.0017123189945769215,1.2053600302470782,33.05,90000.0
5.99,4050.0,0.08188657547179198,-0.09354299022932829,9.793466192009479,0.0012783892365698273,0.0007330767648232253,0.0033583655467222984,1.1903796366588884,33.05,90000.0
6.0,4050.0,0.054049334674955825,-0.006132823709302927,9.972578652365353,0.0007651459689426514,-0.0003090533873506097,0.0020046372624984215,1.195885446249102,33.05,90000.0
6.01,4050.0,-0.007279096967241203,-0.03436795363150764,9.917385075224969,0.00090324951155026,-0.0018505016544719559,0.005031947081240789,1.2197097823420893,33.05,90000.0
6.02,4050.0,0.04245797772286675,0.0069244881957117735,9.677069434384693,8.051512904699454e-05,-0.002076757664009801,0.003830133009971814,1.1958440283608502,33.05,90000.0
6.03,4050.0,-0.09736074997292792,-0.08710308956142264,9.81358730454434,0.0014116528263865037,-0.0014176361614123723,0.0010809759103094965,1.2124926564476908,33.05,90000.0
6.04,4050.0,-0.015462833248656596,-0.055615597649725734,9.83924374998532,0.003058439234813157,0.00042925493349701163,0.0017579730368965365,1.2196365541671894,33.05,90000.0
6.05,4050.0,0.014807448237336011,0.05040764857977601,9.826776422813783,0.002423373414755083,0.00039725756645037465,0.002501683771529866,1.228409205930721,33.05,90000.0
6.06,4050.0,-0.0006132996947767612,0.0409116772464673,9.88847117571371,0.002397261035957363,-0.0015459975935703076,0.0009691440927005581,1.2352668695449138,33.05,90000.0
6.07,4050.0,0.12061878808495421,-0.09510321992458522,9.638325847457889,0.0019043643224761714,-0.0018498635103196173,0.0039941788748445875,1.2276052508796829,33.05,90000.0
6.08,4050.0,0.018271725206323575,0.04517103913103724,9.743422213744447,0.001693687613549466,-0.00032995439221979964,0.002730207605366414,1.196316866735757,33.05,90000.0
6.09,4050.0,0.021562527448293883,-0.03580702336231388,9.897403143819139,0.001509318231292538,-0.002065896401343001,0.0007387483713162853,1.2023289752094708,33.05,90000.0
6.1,4050.0,-0.07813894666900251,-0.06879198598574943,9.87813713618551,-0.00016539520614914998,-0.0013528429731621875,0.0037315377927567626,1.2049889316149012,33.05,90000.0
6.11,4050.0,-0.011031747803916315,0.039095745219551455,9.94112724114739,-0.0002296904351144075,0.0012127822069231073,4.5490811475670344e-05,1.1873634267086295,33.05,90000.0
6.12,4050.0,-0.04610235337138025,0.04910086095966588,9.904021509549638,1.7349740428140657e-05,-0.001890614727580387,0.002653940125946539,1.1886609207328522,33.05,90000.0
6.13,4050.0,0.13820115937712346,-0.15047564787386228,9.73111532593458,0.002691156440586537,-0.0008487988503498309,6.377183828877006e-05,1.1616912135869288,33.05,90000.0
6.14,4050.0,-0.024455563333894613,0.046772734245503746,9.867543064271942,0.0004686057152192914,-0.0010338675107174167,0.003219765508819133,1.1515072142078575,33.05,90000.0
6.15,4050.0,0.007005340364763318,-0.03364465026076028,9.790011738208918,0.0022598425860295523,0.0002496286598771845,0.000700558828823261,1.183453022339949,33.05,90000.0
6.16,4050.0,0.07153802756135381,-0.035319400413115175,9.818932907811652,-0.0002565927867031408,-0.0006708366251242802,0.0010708767640506753,1.1334500826140816,33.05,90000.0
6.17,4050.0,0.03863813824868221,-0.02662662580468128,9.809947526233552,0.0009735291624309517,-0.0029669294380045967,0.002255297635048837,1.1245289470476563,33.05,90000.0
6.18,4050.0,-0.08304137192682004,0.0580714507610904,9.779189745697833,-2.0401408992069717e-05,-0.002464923778465458,0.0023038689945446963,1.1249728518055004,33.05,90000.0
6.19,4050.0,0.03757049908466758,0.06883821337978968,9.777027055822654,0.0023395941092635786,-0.00024230919819897748,0.002327637910875299,1.0969643454613898,33.05,90000.0
6.2,4050.0,0.04179472116448323,0.014224348282549683,9.852250043098403,0.004150493712090598,-0.0010971700806169649,0.001984730212239788,1.0982348657349006,33.05,90000.0
6.21,4050.0,-0.010688116796756948,0.04002063857299823,9.774622601311087,-0.00038836424106278154,-0.0016888672345621127,0.0004346859794225403,1.097159181419185,33.05,90000.0
6.22,4050.0,0.02731909305057432,0.11908556752254301,9.819340147820512,0.0017783728302403876,-0.0028875045834430677,0.0014929747438815056,1.0537564427740984,33.05,90000.0
6.23,4050.0,0.006162363972854211,-0.0074817193018318455,9.835196517603862,0.00019647739912188904,-0.0006577308032412448,0.001801290322386117,1.0707261426319983,33.05,90000.0
6.24,4050.0,-0.0815155226167198,-0.06601841455938495,9.775271977759129,0.002373667460754371,-0.00165496816685419,0.002241321375822921,1.0126963603054464,33.05,90000.0
6.25,4050.0,-0.03315620753164649,0.024332897373270025,9.789858682945043,0.0037414563968361336,-5.926485029070701e-05,0.0009784675660223542,0.9722882962449436,33.05,90000.0
6.26,4050.0,0.0012189378395869531,0.0348910573496935,9.87437721265624,0.0006303640808267627,-0.0005820853721850957,0.002839338495133005,0.9887846241353839,33.05,90000.0
6.27,4050.0,-0.0345061370561943,-0.015688079431061694,9.706628264897187,0.002793523563585959,-0.002274924583988804,0.0011821645624490655,0.9750452023896652,33.05,90000.0
6.28,4050.0,0.0317173861690111,-0.01763761954478348,9.767070698666219,0.0012143872468055035,-0.0027698087135585667,0.0008798208807720698,0.936648171111181,33.05,90000.0
6.29,4050.0,0.058955766652725894,0.11979928518783964,9.727891444460226,0.00035256334841995437,-0.001799835813179893,0.00045288775300132646,0.9196160482369552,33.05,90000.0
6.3,4050.0,0.01608800116097368,-0.02138997265716146,9.819420364948636,0.0008335153856356356,-0.0005268408776771995,0.00041942153087490334,0.9094312728038725,33.05,90000.0
6.31,4050.0,-0.0219283445959577,-0.05867839612562583,9.965744553388568,0.00303715725507462,-6.75640995633387e-05,0.00034840652968542947,0.8847176300812436,33.05,90000.0
6.32,4050.0,0.08018946678809022,-0.16384874137007902,9.73434733431606,0.0019936664979729388,-0.0037008460732023464,0.0008549703953697036,0.8900957066376167,33.05,90000.0
6.33,4050.0,0.008092059191589512,0.04203013431503364,9.878830410973542,0.0012848076818743294,0.0008498947449658455,0.0037971561126243815,0.8677663176470972,33.05,90000.0
6.34,4050.0,0.02080131952940367,0.06876958980815905,9.89022496092656,0.0011568009520543797,-0.0006744838180531647,0.001796553495935024,0.8835106169451442,33.05,90000.0
6.35,4050.0,-0.04492103335912572,-0.07470409133888956,9.680856196043928,0.0005192405483351597,-0.0014851194583551408,0.0042588323071756674,0.8635846939797336,33.05,90000.0
6.36,4050.0,-0.01280639092211164,0.028331034541732712,9.727678268571237,0.002325770137457133,-0.003749833412949187,-0.0007174682621370807,0.8357809159104292,33.05,90000.0
6.37,4050.0,0.05872828768717221,-0.02570391340068794,9.805405252240375,0.004461255068001345,-0.0024689427426066147,0.00288273796272648,0.8254529503528901,33.05,90000.0
6.38,4050.0,0.04376090122358508,-0.001824714841651073,9.748542635464101,0.0011665817402829537,0.0005640525012880691,0.0027068098728229417,0.8351403568357709,33.05,90000.0
6.39,4050.0,-0.011007122751268777,-0.04017736428032652,9.82301607714286,-7.090978020249008e-05,-0.000952901126978001,-0.0005875829979640031,0.8190533430675244,33.05,90000.0
6.4,4050.0,0.0004850852186151999,-0.006168837870246084,9.887038360961252,0.0019487592076102627,-0.0009111702368587954,0.002006098733807665,0.7838900019859668,33.05,90000.0
6.41,4050.0,0.011707654175888609,0.04540623428023514,9.848103390809385,0.0021673107550966614,-0.0015154867860227475,0.0020141870245040266,0.7975839993756074,33.05,90000.0
6.42,4050.0,-0.05537935340393328,-0.035280976291914325,9.795071575971951,0.0029432133702687,-0.00173102637435306,0.0023118491317556658,0.7952562734297508,33.05,90000.0
6.43,4050.0,-0.010904433774688792,-0.04512151023636801,9.840032812027093,-0.0003164414497882177,-0.001505932528120101,0.0008896473516018582,0.7884712407780484,33.05,90000.0
6.44,4050.0,-0.030100358916126446,-0.06448791607638132,9.82735096013194,0.0018258487429764906,0.00018372280563121862,0.0023839476252817695,0.7943845922449526,33.05,90000.0
6.45,4050.0,-0.08153832867946195,0.060918579867609686,9.732081514010945,0.00019599478580934268,0.00014056992250269912,0.003189226507787098,0.775923513679938,33.05,90000.0
6.46,4050.0,0.008953829221460726,-0.054136993775230485,9.771224900005159,0.0033699807164704436,-0.00016296742472698565,0.0003444618299062263,0.7595796465522598,33.05,90000.0
6.47,4050.0,-0.008461021730621415,0.03142093203774561,9.834177012249626,0.002485428522299305,-0.0013688767648748867,0.0012125468348075585,0.7944313561251615,33.05,90000.0
6.48,4050.0,-0.08613020225247836,-0.07819617693837808,9.802620548771035,0.0011362322633527945,-0.0004860371252948853,0.0026002387724063892,0.771355103837311,33.05,90000.0
6.49,4050.0,-0.04677815326268352,-0.13026110175838512,9.825624233289737,-0.0003279571171240787,0.0011182239903000481,0.0004871421429569636,0.7816155539104787,33.05,90000.0
6.5,4050.0,-0.005124338169151609,-0.038049866638180475,9.859022388379469,0.004125853062392069,0.00017684742257488662,0.0029711562331819494,0.7947593609410718,33.05,90000.0
6.51,4050.0,-0.17010927631541492,0.008695529308113662,9.664309666731057,0.001196032675953554,0.0008525438566247996,0.001770775755839534,0.7805046946238878,33.05,90000.0
6.52,4050.0,0.010826740450755332,0.05858469756521551,9.893833447624392,0.00270011550861498,-0.0029417805907197923,0.003031774261197303,0.8022194949665099,33.05,90000.0
6.53,4050.0,0.01569398289198654,0.041681441935454276,9.694401371359927,-0.0013296852241705655,-0.0037430618737658407,-0.002462405558961226,0.7991629250779585,33.05,90000.0
6.54,4050.0,0.03818111573268866,0.013849026142585251,9.807335591337193,0.0015970672581395943,9.777940110184943e-05,0.0030974356687724597,0.8127937449357908,33.05,90000.0
6.55,4050.0,-0.03502610256448904,-0.15131750212586745,9.815658223298495,0.0025156867063724692,-0.0012116635315987951,0.0024465932939375986,0.8187845028927841,33.05,90000.0
6.56,4050.0,-0.08371419799263911,0.023250803566925056,9.798041074526914,-0.0016802292602275991,-0.006020180412961509,0.002697672792680555,0.8275435612420415,33.05,90000.0
6.57,4050.0,0.036968380376157725,-0.09174869961103374,9.81769571890984,0.0017981219129540233,4.3873976281926576e-05,0.0007804896000240754,0.8637566214495944,33.05,90000.0
6.58,4050.0,-0.0809035721936765,-0.04592055137898758,9.77352648934749,0.0032212195130903,0.0005297487595915894,0.004094100450154896,0.874609738544661,33.05,90000.0
6.59,4050.0,0.031829261063355443,0.0999705378832053,9.763625483604955,-0.0006943757189577014,-0.000553244928178921,0.0007068182412056877,0.8814228692764223,33.05,90000.0
6.6,4050.0,-0.03975838103195237,0.05393341874554344,9.800438794240822,0.0012209567475821017,-0.0008104147025392519,0.003070351820126787,0.8872329907576556,33.05,90000.0
6.61,4050.0,-0.059556164914663534,-0.06813705450464544,9.816730844028397,0.0009085317163178608,-0.0031319314037170157,0.0016504655477827554,0.8943395218063793,33.05,90000.0
6.62,4050.0,0.017318767458040816,-0.025074039276387756,9.76603899311194,0.0005075843823148277,0.0005017182208436573,-0.0008899754901227857,0.8939464209451006,33.05,90000.0
6.63,4050.0,0.06603275296258423,0.041507588948756925,9.825273239523806,0.0005116342276288685,0.002512172607969558,0.0026739064148699754,0.9330037636212127,33.05,90000.0
6.64,4050.0,-0.009234336058488552,-0.013252228437018619,9.75550364365249,0.0001237815067703765,0.0026119772931577157,0.0018331556390243232,0.9520084641356841,33.05,90000.0
6.65,4050.0,-0.014459277141877768,-0.017237896993170097,9.771749219735613,0.00030585737103123957,-0.0009418597466959416,0.0007116433454354583,0.9761137439923809,33.05,90000.0
6.66,4050.0,-0.09935208414439833,-0.07039067719558849,9.792079366922161,0.0013085205069443323,-0.0007897371020575951,0.0015427373790530903,1.0001692859790938,33.05,90000.0
6.67,4050.0,0.04890820015958618,0.027041753402109125,9.832468319342116,0.001507567372292696,9.638943191823797e-05,0.005606631697842372,1.0048444601860513,33.05,90000.0
6.68,4050.0,0.004287096266107735,0.03487581162047508,9.7878425329585,-0.0005011360028477237,-0.0026070322276588935,0.000819901365166361,1.022946391707357,33.05,90000.0
6.69,4050.0,-0.01598587700318758,-0.051194429311363344,9.829135459245084,0.0005416910870204457,-0.0017538399700671493,0.003160282796264718,1.0308895521279633,33.05,90000.0
6.7,4050.0,0.07698487109334609,-0.12335683494753533,9.90090898659224,0.0015378501843099034,-1.4385499488114717e-05,0.0015385678329234928,1.0527560199832124,33.05,90000.0
6.71,4050.0,-0.09222733888062874,0.10175014153293337,9.77797842259471,0.0030927970428283823,-0.0006009202925832521,0.0020266181023347657,1.0768371420151757,33.05,90000.0
6.72,4050.0,-0.029691407423584493,-0.04539395962515568,9.882585215917498,0.0031089967021730356,-0.0017416269364317891,0.0030920340561905123,1.074822677059745,33.05,90000.0
6.73,4050.0,0.00028538492818800407,0.020293116011763587,9.728154913596493,0.0013567447233209522,-0.001124181000897194,0.0030736147987554347,1.1003343121553804,33.05,90000.0
6.74,4050.0,-0.01739001160702417,-0.05428862518506004,9.84401440140591,0.0015585437912743001,-0.0026898633923435676,0.0023381754350848796,1.1162104946089828,33.05,90000.0
6.75,4050.0,-0.14336740744859053,-0.04779363812776222,9.794563870022348,-0.0006099066013696832,-0.0015411078149965977,0.00036258024016517213,1.1179120329402055,33.05,90000.0
6.76,4050.0,0.02055489127806092,0.05210329873414268,9.930001638912831,0.001502767334922682,0.0005777549094543392,0.002148695304010815,1.1289362311521243,33.05,90000.0
6.77,4050.0,-0.0017946166790271051,-0.022588852562646044,9.775946435773863,-0.0012773589077889247,-0.001874562212904397,0.002069780962708259,1.1708660723511295,33.05,90000.0
6.78,4050.0,0.05947332398191,0.04131573341331597,9.756865890593026,0.0008495780235227816,-0.00201298679946025,0.0009169671620700504,1.1754809992764197,33.05,90000.0
6.79,4050.0,0.12002554961948605,0.042725851954884306,9.867814257397459,-0.00045702054435213437,-0.001592731150171025,0.00026290242000132134,1.1721567594833322,33.05,90000.0
6.8,4050.0,-0.01105564109310464,-0.03400438872894651,9.830018018910287,0.00031720387954462567,-0.0026662134395430094,0.00346005927354602,1.1852044132180601,33.05,90000.0
6.81,4050.0,0.022622332972009097,0.01341781880377766,9.810264584576448,0.0015873380242305993,-5.9150143868077426e-05,0.00013660517902018972,1.20348980754568,33.05,90000.0
6.82,4050.0,0.01489002047966107,0.041635334897729,9.66364441253104,0.0016844374049516217,-0.0031525486749735517,0.002711790573671604,1.1892847760040928,33.05,90000.0
6.83,4050.0,0.009990256246140996,0.06915052140973255,9.828952818263353,0.0031667272262341168,-0.0023104925505249567,0.0007125939885503702,1.2070042668073633,33.05,90000.0
6.84,4050.0,-0.008138056162280713,-0.019347666085365645,9.79931388755744,0.0017016688301402546,-0.000648604197777134,0.0026852396002316203,1.222479405880104,33.05,90000.0
6.85,4050.0,0.02274613654743524,-0.003034985892074116,9.810581942319834,0.0006673544723697939,-0.0038072769419060628,-0.0009768577584728362,1.2061797580069034,33.05,90000.0
6.86,4050.0,0.06638104137791855,-0.05865584935680279,9.759642282253466,0.00228894910540732,0.0011298946060681798,0.002980621411610055,1.2212403027960974,33.05,90000.0
6.87,4050.0,-0.049958883338960355,0.04238464390515163,9.88223102651833,-0.0009690453707060943,0.0008670694313355715,0.0013191844755772498,1.1964501205941989,33.05,90000.0
6.88,4050.0,0.1118504486945976,0.002487639216387501,9.804513540907694,0.0037519237100830764,-0.0009300381691057783,0.00042288620223328207,1.2206604563705197,33.05,90000.0
6.89,4050.0,0.029790487313184316,-0.0815855760909268,9.790826324980543,-0.001631959260778116,0.0007508045490451851,0.00452458642101581,1.2170532455807677,33.05,90000.0
6.9,4050.0,0.017827226101034738,-0.02383755042307168,9.713496623401422,0.002314914633266988,-0.0005672170140777664,0.0017129896606393202,1.238892610488211,33.05,90000.0
6.91,4050.0,-0.1323385367845624,-0.010008109960549488,9.793451845827233,0.00214757781614826,-9.410713117980122e-05,0.002054885764195874,1.2150965510087832,33.05,90000.0
6.92,4050.0,-0.0006252506928277307,-0.03777408649791002,9.740671892695763,0.0005614469164933964,0.0006368664037739631,0.0019800345505199502,1.201897279016387,33.05,90000.0
6.93,4050.0,-0.057421665263369635,-0.0453932727354647,9.885406795882556,0.0007525443049931195,0.0021362400897229333,0.0028240320750691234,1.2077656762432643,33.05,90000.0
6.94,4050.0,0.033796331098320656,-0.09898520572239977,9.819500874430187,-0.0007176224856217502,-0.0006164239763802692,0.0010111181209807813,1.1967913046583956,33.05,90000.0
6.95,4050.0,0.056225632897524566,0.002666519244759946,9.769237280576835,0.0015312483333752049,0.0023887015112455576,0.004000937879239501,1.1742753505498942,33.05,90000.0
6.96,4050.0,0.06765885458034787,-0.027918712424822335,9.794080595110804,0.002137585714848624,0.0006299985048157796,0.0006373051351662303,1.1765386246763778,33.05,90000.0
6.97,4050.0,-0.009791145053474429,0.050748698198040725,9.890144999372971,0.0006164049232874561,0.0013352353470748339,0.0009974120492346177,1.1892726675110499,33.05,90000.0
6.98,4050.0,-0.004389222537759857,-0.009039870459483302,9.813001408653399,0.0019766412151480004,-0.0008604045254235975,0.0020414805331918735,1.159865435945075,33.05,90000.0
6.99,4050.0,0.02572021375209767,0.04622547263985396,9.803980989522435,0.0023385578720123957,-0.0003719729417119582,0.004733481708046157,1.1244410988920197,33.05,90000.0
7.0,4050.0,-0.12345003710773542,-0.07285975193896085,9.914001348269258,0.00029960395149919607,0.002243967881679335,0.0011021485542883761,1.1265338864150392,33.05,90000.0
7.01,4050.0,-0.025522526390548323,0.019281493713042493,9.82654767189304,0.0025725013096883735,-0.0017758186921497548,0.0023188405123384125,1.1203149081477561,33.05,90000.0
7.02,4050.0,-0.03193714099699604,0.0398143157671469,9.857968702377866,0.002019924272716409,-0.0026057880206792265,0.0011499828272403,1.1001336680709297,33.05,90000.0
7.03,4050.0,0.030644743026870862,0.040768774446410194,9.784031021039482,0.0014802895477362898,0.002317356962758138,0.0007126039760566726,1.1035099347763364,33.05,90000.0
7.04,4050.0,-0.026911921456323797,-0.018846341287363972,9.782308350862946,0.0024556289204388983,-0.003793336601768269,0.0021648702812714794,1.0657893265842062,33.05,90000.0
7.05,4050.0,0.04377065066942887,-0.05454748700819211,9.85436154854229,0.001815656316506256,0.00042013454151853917,0.003839008671227651,1.0746478984837198,33.05,90000.0
7.06,4050.0,-0.011346373975549542,0.09527856205377609,9.80190606861383,0.00036279258384418444,-0.0019021715921220474,-6.823956773466154e-05,1.0313843035996266,33.05,90000.0
7.07,4050.0,0.05032479221308142,-0.01380688104706445,9.825822349021628,0.00047621794000279324,-0.001221902302812936,0.002101383047785875,1.0224399409543323,33.05,90000.0
7.08,4050.0,0.13052664781620552,-0.07223966035987232,9.800884457496938,0.0016923112118372888,-0.003507639495206299,0.002503762422184211,1.0200637523096547,33.05,90000.0
7.09,4050.0,0.09167354135036758,-0.014583571356053253,9.804703891880038,0.0029249566253898756,-0.0012565066357766914,0.001459283328891137,0.9701415253199621,33.05,90000.0
7.1,4050.0,0.05572795662064564,0.017151717449193336,9.796849885448445,0.0016291797884985927,-0.002903183056522091,0.001334112355895289,0.9621066125604912,33.05,90000.0
7.11,4050.0,0.06735558364306957,-0.0437704193077617,9.727318308888274,0.000827990884203145,-0.0010860823379270285,0.0006607311609446763,0.9632602262678086,33.05,90000.0
7.12,4050.0,-0.021531789375644667,0.022156881246344268,9.881424764277911,0.0014360528474940363,-0.00037969792183110355,0.001178949424690339,0.9581768175301076,33.05,90000.0
7.13,4050.0,-0.04534365177162715,0.05072911842006879,9.769428275218804,-0.0002656672729104233,-0.0030468335949835803,0.0009505113412477847,0.9164900074153469,33.05,90000.0
7.14,4050.0,-0.049774816341011684,-0.004305536428232521,9.734284316442093,0.002976396817973691,0.00037195144354906844,0.0030761405231821055,0.9158996021382474,33.05,90000.0
7.15,4050.0,0.01151807545036773,0.05759015021354767,9.809425423615302,0.003350567263132609,0.00028235657510716045,0.0009188498967263519,0.8804720739053339,33.05,90000.0
7.16,4050.0,0.08669478023513881,-0.008440953163966272,9.766068659776492,0.003703735410733431,-0.004008999582330844,0.0021945170922107906,0.886575196424002,33.05,90000.0
7.17,4050.0,-0.0429166636982096,-0.029050346485869055,9.878887485289445,0.002612461234006019,-0.0017211406463434461,0.00351865289075788,0.8854326478241448,33.05,90000.0
7.18,4050.0,0.027576312217356843,0.0913185050010804,9.842373619920146,0.00042791178737919375,-0.002118293358857652,0.000378586778501584,0.8502008107316651,33.05,90000.0
7.19,4050.0,-0.07338552676448364,0.03548662996651652,9.770152044578802,0.001187450212110902,0.00400860380525685,0.0004900835329178653,0.8362530774270424,33.05,90000.0
7.2,4050.0,-0.07156979079751327,0.0050343827586126575,9.752618748190269,0.0008142597376283013,-0.0010021067427699014,0.0018204262682407176,0.8463258370060344,33.05,90000.0
7.21,4050.0,0.050462438089059654,-0.10672044139665403,9.842543527976106,0.0019664173225642776,-0.0030047340589864696,0.0009966992680560862,0.8290303429625692,33.05,90000.0
7.22,4050.0,-0.04040684081712728,-0.08220605911845871,9.76373507908099,0.0032427884565919655,-0.0007644761983514269,0.0031259001266417635,0.8235483191553126,33.05,90000.0
7.23,4050.0,-0.04209558567504986,-0.0990359299152814,9.72407574750199,-0.002051674275245916,-0.0028695638449159414,0.0028601148895570088,0.8177629847320188,33.05,90000.0
7.24,4050.0,0.11623539462817857,-0.0038630540335082863,9.706938585401536,0.0019345868049073227,-0.002093930530348399,0.0022031159284713274,0.7955768772880963,33.05,90000.0
7.25,4050.0,0.004056380084466277,-0.003139781206654883,9.84625537702275,0.0017110573409754154,0.0008521364803114059,0.003432800042382449,0.8030053291036447,33.05,90000.0
7.26,4050.0,-0.0026171707859333057,0.022840448234269062,9.712825416231347,0.0017533560653400912,-0.001024732105833201,0.0013609278485265063,0.808218602515649,33.05,90000.0
7.27,4050.0,-0.013509978333801928,0.059196637138964156,9.73523427698614,0.0022884995645128573,-0.0008523222892998654,0.0019174259963119045,0.7787893244837021,33.05,90000.0
7.28,4050.0,0.02443858412200532,-0.09082093007105267,9.845193242399773,0.0001510901765305652,0.0005571206357282215,0.0034238573675545204,0.791825994035357,33.05,90000.0
7.29,4050.0,-0.04164847950206406,-0.08028027644957433,9.851917626281622,0.0026702968507257433,0.0018159242248419107,0.005149841418267302,0.7752908713504547,33.05,90000.0
7.3,4050.0,0.003372509956595058,-0.0551027483211573,9.735733602847882,0.0018093801216367887,-0.0005274664093616148,0.0012117714634617349,0.7981098982968436,33.05,90000.0
7.31,4050.0,0.06394145696695114,0.02530592577009789,9.768597488152999,0.0010786261239998905,-0.0025687007836674336,0.0013411667509508863,0.7891609278364722,33.05,90000.0
7.32,4050.0,-0.018866393035839576,0.01549420212826352,9.861866948256555,0.0013903868447731542,-0.0010912888557149541,0.003971267999222812,0.7698697513434292,33.05,90000.0
7.33,4050.0,-0.13997061083595597,-0.0623406737820641,9.816893150966195,0.0007619369764967877,-0.0005599052255479733,0.0018910289240476896,0.791713640614686,33.05,90000.0
7.34,4050.0,-0.038534836272228326,-0.04263780588455949,9.777268943843055,0.0014879009829766362,-0.0012138390430202909,-0.00021008408851989465,0.7884688423228364,33.05,90000.0
7.35,4050.0,0.04519360680860773,0.020782292808870083,9.811404735175671,0.0021732445415384143,-5.282943511537993e-05,0.0024075285351932815,0.8111842523194676,33.05,90000.0
7.36,4050.0,0.06595344640367094,0.002508433435826443,9.82905726767552,-0.00041910718124858206,-0.002052816008024846,0.0018033903052547932,0.8068419604708338,33.05,90000.0
7.37,4050.0,0.02139267271752846,0.05802285837783516,9.739714913025043,0.000882380670726386,0.0016356635676742421,0.0020226847953749914,0.816195996416181,33.05,90000.0
7.38,4050.0,0.0839890087364863,-0.04912785162889353,9.744682752854814,0.0007127399744395582,-0.00027985579758606915,0.0031156850672722767,0.8351150389454277,33.05,90000.0
7.39,4050.0,-0.06117108380141673,-0.009591192725587328,9.870017577925891,0.001313201030189563,-0.0033135134829209486,0.0011154177622543966,0.8324871615573611,33.05,90000.0
7.4,4050.0,0.0752482472763736,-0.05962270065650315,9.907740531236293,0.0009677834879734778,-0.000978482738155969,0.0010376378717570725,0.8171017344941083,33.05,90000.0
7.41,4050.0,0.01234283153757709,0.06584872463908525,9.857830738416393,-0.0010862899932604828,4.2367465710833825e-05,0.000811598747791128,0.855684322219283,33.05,90000.0
7.42,4050.0,0.03977382231643992,0.058547016929955134,9.793506062618007,0.0020053758989668448,-0.0003796862604819009,0.003521705278657965,0.8683331272509046,33.05,90000.0
7.43,4050.0,-0.16830645708784175,0.02702063685458427,9.764613747321809,0.003015763198668885,0.0012368713916496466,0.0022549089374342955,0.9074890012582915,33.05,90000.0
7.44,4050.0,0.05251364648917226,0.055636753132139144,9.808082229536312,0.00039015128355558557,-0.0024721829111042084,-0.0018354413893740863,0.8845338873956332,33.05,90000.0
7.45,4050.0,0.013707243910561133,0.0793643292811715,9.866525615701219,0.001587743033584635,-0.0032286230758252596,0.0031450678700472886,0.9403775697524138,33.05,90000.0
7.46,4050.0,0.11228542111587558,0.08398816449509477,9.878802189997478,0.00040294029177164364,0.00022843386421089997,0.002406528385303838,0.93656546825528,33.05,90000.0
7.47,4050.0,0.011073515755870686,0.09832874297972713,9.804169008756572,0.0016366259647241077,-0.0016150493248331572,-0.002119836572484038,0.9557479929261405,33.05,90000.0
7.48,4050.0,-0.057269230155651156,-0.042912265534829665,9.828352390059854,0.0010650375421003282,-0.001532435677029603,0.004096343481832953,0.9651100319501873,33.05,90000.0
7.49,4050.0,-0.04726291445021953,-0.04752775692397043,9.719861099004115,0.0028816597995157994,0.00021284484220857004,0.004403585899540408,0.9814137783537952,33.05,90000.0
7.5,4050.0,0.023866100275591554,0.07462683017063922,9.796801689936695,0.000589681203622526,-0.0024040392829863433,0.001964112128018954,0.993261966507212,33.05,90000.0
7.51,4050.0,0.018110761653559123,-0.025415393514086136,9.89074979845543,0.0022524919173850092,-0.0029333801109143725,0.0027184754482920304,1.0407987370712328,33.05,90000.0
7.52,4050.0,-0.0373125910927712,-0.10396500221890564,9.796550709459218,0.00036475663129964937,-0.0026524236730295003,0.0012559737040593753,1.0248192492506456,33.05,90000.0
7.53,4050.0,-0.0628417905629005,-0.02706252676546031,9.831692281548646,0.0006154331595313492,-1.4868980661112678e-07,0.001130355943800292,1.0549575539208145,33.05,90000.0
7.54,4050.0,0.08920253487738623,0.05943111755530215,9.857602720292224,0.001513896001534539,-0.001238893304611635,0.0034324935074763366,1.06780094456283,33.05,90000.0
7.55,4050.0,-0.014043587891142788,-0.027597860527970638,9.852948418087603,-0.0009017613218002566,-0.00208774439993974,0.0011936682689866662,1.0815097702295668,33.05,90000.0
7.56,4050.0,-0.004031515637586116,0.04447980679827459,9.810588535954672,0.00013406561789374978,-0.004004101499620686,0.001153007752797653,1.1081694666255442,33.05,90000.0
7.57,4050.0,-0.03138205944426843,0.017641119879390845,9.771817185175344,0.002510985221704294,-4.487275866201943e-05,0.002450818807578602,1.1174230437346737,33.05,90000.0
7.58,4050.0,0.08228017534355296,-0.079060406954206,9.677615224687559,0.00041024467750053764,-0.0025651848814503457,-0.00018541123130438978,1.1039355250924248,33.05,90000.0
7.59,4050.0,0.06563351226828541,0.026286201387972195,9.736625417644897,-0.0005064491610402599,-9.609647503351216e-05,0.001166544113219851,1.1182272245801121,33.05,90000.0
7.6,4050.0,-0.06011341548348374,0.00042933940175031064,9.786643275164527,-0.0006311733717391817,-0.001638032593020841,0.0029008832855579635,1.1445613181826886,33.05,90000.0
7.61,4050.0,-0.004505995079335086,-0.032339028788859144,9.84690597037983,0.0014710082062486534,-0.0006172624716400131,-0.0007359730727614611,1.1791108040705183,33.05,90000.0
7.62,4050.0,-0.054256920530451336,-0.08407566199369987,9.81683758626066,0.0005821305937136394,-0.002055028378188703,0.0015606136874537087,1.1958923086141775,33.05,90000.0
7.63,4050.0,0.10910965474908965,0.09376336409299899,9.872057573525105,0.001425523218089285,-0.0005526637521761601,0.0011601605665994491,1.178518141794641,33.05,90000.0
7.64,4050.0,0.026082368151160416,-0.05366304494991837,9.73318542917875,-0.002529474189546512,-0.004034405694299349,0.0006566967733393671,1.1922886151330367,33.05,90000.0
7.65,4050.0,-0.016487900545433577,-0.11978179089774521,9.700318255461848,0.00023806510170228752,-0.0021507142234197,-1.8062762439476764e-06,1.1856772805551516,33.05,90000.0
7.66,4050.0,-0.019858345013357138,0.04879432653227321,9.840120165319677,0.0002621997449621151,-0.0002815651293660366,0.0004104706616766854,1.2096546863076083,33.05,90000.0
7.67,4050.0,0.03201883177268844,-0.026359049131845478,9.90943300158703,0.002388518583307499,0.0010960708355779814,0.0007451289554585628,1.2146537390740413,33.05,90000.0
7.68,4050.0,-0.0144763927177445,0.06942533816602599,9.816411570776605,0.002561758463337722,-0.0003574410773398964,0.0005646119183478983,1.2075861758218827,33.05,90000.0
7.69,4050.0,0.0907699638318865,-0.006309636256393053,9.77265462212793,0.0022520869642559077,-0.0020323029159755083,0.0013528739172624393,1.2166787413876916,33.05,90000.0
7.7,4050.0,-0.05449754579439183,-0.0010413281400634378,9.85687647073297,-0.0014549416318028992,-0.0019451176965073925,0.0011434239940303896,1.2255097088458726,33.05,90000.0
7.71,4050.0,-0.07264695583578822,0.03427311825117559,9.88754604592747,0.002506209756228263,-0.0009062139612055127,0.00027270218710737304,1.2406304267179862,33.05,90000.0
7.72,4050.0,0.08299268146074676,0.006683426683746639,9.733536627761538,0.0029976392499632245,-0.002758276273989401,0.0021736236043335888,1.2423761769069464,33.05,90000.0
7.73,4050.0,-0.02504772016040945,0.006440291504453305,9.784731181408839,0.00021855802768118795,0.00044457607421042325,0.0020812626403548698,1.2483294595793657,33.05,90000.0
7.74,4050.0,0.08354499964211456,0.06339568010315319,9.864102334489322,0.0017114795898203756,0.0018464348353304176,-0.00023781342782184414,1.2064556008244913,33.05,90000.0
7.75,4050.0,0.05177146913499885,-0.05322122196972774,9.819380801336303,0.0019141074461291193,-0.001774595936798951,0.0031519936284577768,1.1827321449487695,33.05,90000.0
7.76,4050.0,-0.0799099991667189,0.032507823239740524,9.758136744414914,0.0007473643854588756,-0.004228207828008853,0.0014482026415403076,1.204809212417318,33.05,90000.0
7.77,4050.0,-0.03586316631947621,0.01675070024481592,9.78745162359573,0.0015029852781104295,-0.0021646334088017086,0.0025215637388592213,1.1830997304769313,33.05,90000.0
7.78,4050.0,0.0029017832039600847,-0.09434797667669714,9.753068735554653,0.00020047013240283998,-0.0013288124153569415,0.0007242474023167794,1.1949151718119062,33.05,90000.0
7.79,4050.0,-0.012970770967509242,0.06503129315080469,9.719227998562147,0.0015415434225094786,-0.0018471856331996243,0.0002494244106348687,1.1755836976380112,33.05,90000.0
7.8,4050.0,0.017821299528327873,0.045073596515351345,9.823345649980613,0.0011429708776421416,0.0007261983273184256,0.0017689120297901685,1.1607765159118122,33.05,90000.0
7.81,4050.0,-0.03603913809857494,0.09025947392488178,9.728935699838297,0.0016950628996026617,0.00040630944147937003,0.00034288499662097065,1.1579562994929626,33.05,90000.0
7.82,4050.0,-0.004997205036110423,-0.025647476452230443,9.797839946505926,0.003960479458180545,-0.002217016595066038,0.003113391308166116,1.1589873737501273,33.05,90000.0
7.83,4050.0,0.05892728082059036,-0.0645807014468558,9.74992286386988,-0.00014203291297847602,0.0006709324088532892,0.004687987207896523,1.1384676886530978,33.05,90000.0
7.84,4050.0,0.07842874632045758,0.18034188506302104,9.83006758193184,0.002979570789923953,0.0013664774618789653,0.002777856282317422,1.120209690473809,33.05,90000.0
7.85,4050.0,-0.04648612430347591,-0.059790200913180665,9.783600426480698,0.001464682214301405,-0.0034279207591295965,0.0017478718657162244,1.096144501123892,33.05,90000.0
7.86,4050.0,-0.013649252025952113,-0.04661622989704304,9.789249377247987,0.0013553417641677173,-0.0013775130893472726,0.0011648719219913136,1.0777959472742216,33.05,90000.0
7.87,4050.0,-0.007460143933278872,0.03256335657527959,9.71386903454387,-0.0016089705053764214,-0.0008592790021939819,0.0005766366874031315,1.080404868228797,33.05,90000.0
7.88,4050.0,-0.07942524928319235,-0.02545386138233258,9.817825034158561,0.002693534027903709,0.0010067797578246546,0.0014429466725596502,1.055310659833678,33.05,90000.0
7.89,4050.0,0.05519133425916355,0.02420635135250301,9.77830091071036,-0.0002756596132131109,-0.0032642199806364558,0.0005820747823635675,1.032292794844621,33.05,90000.0
7.9,4050.0,0.03322711079164152,-0.07792698871115902,9.757063954629325,2.4083267240363336e-05,-0.0014973256909047942,0.0008846014171388594,1.034256222058713,33.05,90000.0
7.91,4050.0,0.03067835126421075,-0.09984277493588643,9.828257834786221,0.0009621233762507245,-0.0020332324673335536,0.0035581462356569036,1.011130374009204,33.05,90000.0
7.92,4050.0,-0.006488879452069955,-0.032201962103631,9.856737878532078,0.0008872652104343257,-0.002294722950763655,0.0012340764654097602,0.9911924787469872,33.05,90000.0
7.93,4050.0,0.05121031253203149,0.03959788907840691,9.902200801525357,0.00013446915657108955,-0.0013289672061202395,0.002786590178509477,0.9970170938728422,33.05,90000.0
7.94,4050.0,0.05668722270566113,-0.0019401768264781798,9.814801941681134,0.003368139541202098,3.1747490598055446e-05,0.003185357039062961,0.9537896873566697,33.05,90000.0
7.95,4050.0,0.06825595058835957,0.07026249136248809,9.81712390537136,0.002280144921294822,-0.00013680720546665578,0.0019467011873415558,0.9570372213147358,33.05,90000.0
7.96,4050.0,-0.010007656731118142,-0.015443682567858186,9.748603683830648,0.004711039532034494,0.0008616734322281439,0.002272228988493121,0.9312505468560365,33.05,90000.0
7.97,4050.0,0.020557164447999706,0.011063249117976497,9.764133169165627,0.0003153315121973254,-0.0017551310826694495,0.0019834797830313093,0.919414148931777,33.05,90000.0
7.98,4050.0,-0.02287609600952737,-0.05336426848101271,9.871857581751488,0.00025551803644908766,-0.0008320606359802878,0.0006144172614162416,0.9003417873390255,33.05,90000.0
7.99,4050.0,-0.019001601910690603,-0.08587161575654334,9.777612952636622,0.0041019260905214875,-0.00028639027877333257,0.0014179159901646864,0.8963356083630749,33.05,90000.0
